Formula,Thermodynamic stability level
Ag2,1.0
Ag2Au2Cl8,3.0
Ag2Br2,3.0
Ag2Br2N2,1.0
Ag2Br2O2,1.0
Ag2Br2S2,1.0
Ag2Br2S4,3.0
Ag2Br2Se2,2.0
Ag2Br2Se4,3.0
Ag2Br2Te4,3.0
Ag2Br4,3.0
Ag2Br6,2.0
Ag2C8N6,1.0
Ag2Cl2,3.0
Ag2Cl2N2,1.0
Ag2Cl2O2,2.0
Ag2Cl2S2,1.0
Ag2Cl2S4,3.0
Ag2Cl2Se2,3.0
Ag2Cl2Se4,3.0
Ag2Cl2Te4,3.0
Ag2Cl6,2.5
Ag2Cr2P4S12,3.0
Ag2F2,3.0
Ag2F4,3.0
Ag2I2,3.0
Ag2I2N2,1.0
Ag2I2O2,1.0
Ag2I2S2,1.0
Ag2I2S4,3.0
Ag2I2Se2,1.0
Ag2I2Se4,3.0
Ag2I2Te4,3.0
Ag2I4,3.0
Ag2I6,1.0
Ag2MoO4,3.0
Ag2MoS4,3.0
Ag2MoSe4,3.0
Ag2MoTe4,3.0
Ag2O2,3.0
Ag2P2S6,3.0
Ag2P2Se6,3.0
Ag2P2Te6,1.0
Ag2ReBr6,3.0
Ag2ReCl6,3.0
Ag2ReF6,3.0
Ag2ReI6,3.0
Ag2S2,1.0
Ag2S4,1.0
Ag2Se2,1.0
Ag2Se4,1.0
Ag2Te2,1.0
Ag2Te4,1.0
Ag2V2P4S12,3.0
Ag2WO4,3.0
Ag2WS4,3.0
Ag2WSe4,3.0
Ag2WTe4,3.0
Ag8C4N8,1.0
AgBiP2Se6,3.0
AgBr2,3.0
AgCa2Br2O2,3.0
AgCa2Br2S2,2.0
AgCa2Cl2O2,3.0
AgCa2Cl2S2,2.0
AgCa2I2O2,2.0
AgCa2I2S2,2.0
AgCl2,3.0
AgCuTe2,3.0
AgF2,3.0
AgGaP2Se6,3.0
AgH2,1.0
AgI2,2.3333333333333335
AgInP2S6,3.0
AgInP2Se6,3.0
AgLi2,1.0
AgNi2O4,3.0
AgO2,1.0
AgS2,1.0
AgScP2S6,3.0
AgScP2Se6,3.0
AgSe2,1.0
AgSnF6,3.0
AgSr2Br2O2,3.0
AgSr2Br2S2,3.0
AgSr2Cl2O2,3.0
AgSr2Cl2S2,2.0
AgSr2I2O2,3.0
AgSr2I2S2,3.0
AgTe2,1.0
AgVP2Se6,3.0
Al2Br2N2,2.0
Al2Br2O2,3.0
Al2Br2S2,3.0
Al2Br2Se2,3.0
Al2Br4,2.0
Al2Br6,2.5
Al2Cl2N2,2.0
Al2Cl2O2,3.0
Al2Cl2S2,3.0
Al2Cl2Se2,3.0
Al2Cl6,3.0
Al2FeS4,3.0
Al2I2O2,3.0
Al2I2S2,3.0
Al2I2Se2,3.0
Al2I6,2.5
Al2Mg2Se5,3.0
Al2MgS4,3.0
Al2MgSe4,3.0
Al2MnS4,3.0
Al2O2,2.0
Al2O4,2.0
Al2P2S6,3.0
Al2P2Se6,3.0
Al2P2Te6,3.0
Al2S2,2.6666666666666665
Al2S4,2.0
Al2Se2,2.6666666666666665
Al2Se4,3.0
Al2Si2Te6,3.0
Al2Te2,2.3333333333333335
Al2Te4,3.0
Al2Tl2F8,3.0
Al2ZnS4,3.0
Al8Te12,3.0
AlAs,1.0
AlB4,1.0
AlBr2,2.0
AlC,1.0
AlCl2,2.0
AlFeF5,2.0
AlI2,2.0
AlLiP2S6,3.0
AlN,2.0
AlNi5Br2,3.0
AlNi5Cl2,2.0
AlNi5I2,3.0
AlP,2.0
AlPd5Br2,3.0
AlPd5Cl2,3.0
AlPd5I2,3.0
AlPt5Br2,3.0
AlPt5Cl2,2.0
AlPt5I2,3.0
AlSb,1.0
AlTe4,1.0
As2,1.0
As2Br6,3.0
As2C6,1.0
As2Ge6,1.0
As2H2O10Te2,3.0
As2I6,3.0
As2O6Sb2,3.0
As2O8P2,3.0
As2O8Sb2,3.0
As2Si6,1.0
As4,1.0
As4Ge4Se4,3.0
As4H2O12P2,3.0
As4O12S2,3.0
As4O6,3.0
As4O8,3.0
As4S6,3.0
As4Se6,3.0
As8Ge4,3.0
As8Si4,3.0
AsB,1.0
AsBr2,1.0
AsBrS,3.0
AsBrSe,3.0
AsBrTe,3.0
AsC,1.0
AsCl2,1.5
AsClS,2.5
AsClSe,3.0
AsClTe,3.0
AsI2,1.0
AsIS,2.0
AsISe,2.0
AsITe,2.0
AsS2,1.0
AsSe2,1.0
AsTe2,1.0
Au2Br2,1.6666666666666667
Au2Br2N2,1.0
Au2Br2O2,1.0
Au2Br2S2,1.0
Au2Br2Se2,3.0
Au2Br2Se4,3.0
Au2Br2Te4,3.0
Au2Br4,3.0
Au2Br6,2.0
Au2CaF12,3.0
Au2Cl2,1.0
Au2Cl2N2,1.0
Au2Cl2O2,1.0
Au2Cl2Se2,3.0
Au2Cl2Te4,3.0
Au2Cl6,2.0
Au2I2,1.0
Au2I2N2,1.0
Au2I2O2,1.0
Au2I2S2,1.0
Au2I2Se2,1.0
Au2I2Se4,3.0
Au2I2Te4,3.0
Au2I4,1.0
Au2I6,1.0
Au2MoO4,3.0
Au2MoS4,3.0
Au2MoSe4,3.0
Au2MoTe4,3.0
Au2O2,2.0
Au2O4,1.0
Au2P2S6,3.0
Au2P2Se6,3.0
Au2P2Te6,1.0
Au2ReF6,3.0
Au2S2,1.6666666666666667
Au2S4,1.0
Au2Se2,1.5
Au2Se4,1.0
Au2SrO8,2.0
Au2Te2,1.5
Au2Te4,1.0
Au2WO4,3.0
Au2WS4,3.0
Au2WSe4,3.0
Au2WTe4,3.0
Au4I4Te4,3.0
AuBr2,1.0
AuCa2Br2O2,2.0
AuCa2Br2S2,2.0
AuCa2Cl2O2,2.0
AuCa2Cl2S2,2.0
AuCa2I2O2,2.0
AuCa2I2S2,2.0
AuCl2,1.6666666666666667
AuF2,2.0
AuH2,1.0
AuI2,1.0
AuLi2,2.0
AuO2,1.0
AuS2,1.0
AuSe2,1.0
AuSr2Br2O2,3.0
AuSr2Br2S2,2.0
AuSr2Cl2O2,3.0
AuSr2Cl2S2,2.0
AuSr2I2O2,3.0
AuSr2I2S2,3.0
AuTe2,1.0
B2,1.0
B2N,1.0
B3C10N3,1.0
BC,1.0
BN,3.0
BP,2.0
BSb,1.0
Ba2Br2,2.0
Ba2Cl2,2.0
Ba2CuHgTlO5,2.0
Ba2H8O6,3.0
Ba2I2,2.0
Ba2Mg2Pb2,1.0
Ba2Mg2Sn2,1.0
Ba2Mn2Ge2,2.0
Ba2N,3.0
Ba4F4Sb4Se8,3.0
BaBr2,2.6666666666666665
BaCl2,2.3333333333333335
BaF12Sb2,3.0
BaF2,2.0
BaI2,2.6666666666666665
BaTa2O7,2.0
BaTe2,2.0
Be4,1.0
BeH4O4P2,3.0
Bi2,1.0
Bi2Br2,2.5
Bi2Br2N2,1.0
Bi2Br2O2,3.0
Bi2Br2S2,3.0
Bi2Br2Se2,3.0
Bi2Br6,3.0
Bi2C6,1.0
Bi2Cd2Cl2O4,3.0
Bi2Cl2,2.5
Bi2Cl2N2,1.0
Bi2Cl2O2,3.0
Bi2Cl2S2,3.0
Bi2Cl2Se2,3.0
Bi2Cl6,3.0
Bi2Cr,1.0
Bi2Cu2S4,3.0
Bi2F2,2.0
Bi2F6,3.0
Bi2Fe2Br2S4,2.0
Bi2Ge3O9,3.0
Bi2Ge6,1.0
Bi2Hf,3.0
Bi2I2,2.5
Bi2I2N2,1.0
Bi2I2O2,3.0
Bi2I2S2,3.0
Bi2I2Se2,3.0
Bi2I6,3.0
Bi2In2,1.0
Bi2MnTe4,3.0
Bi2Mo,1.0
Bi2Nb,1.0
Bi2O2,2.0
Bi2O9Si3,3.0
Bi2OS2,3.0
Bi2OSe2,3.0
Bi2OTe2,3.0
Bi2P2S6,3.0
Bi2P2Se6,3.0
Bi2P2Te6,1.0
Bi2Pb6,1.0
Bi2Pd,3.0
Bi2S2,1.25
Bi2S2Se,3.0
Bi2S2Te,3.0
Bi2S3,3.0
Bi2S4,1.0
Bi2SSe2,3.0
Bi2STe2,3.0
Bi2Se2,1.5
Bi2Se2Te,3.0
Bi2Se3,3.0
Bi2SeTe2,3.0
Bi2Si6,1.0
Bi2Sn6,1.0
Bi2Ta,1.0
Bi2Te2,1.0
Bi2Te3,3.0
Bi2Te4,1.0
Bi2Ti,2.0
Bi2V,1.0
Bi2W,1.0
Bi2YO4,3.0
Bi2Zr,3.0
Bi4B4O12,3.0
Bi4Cu4,1.0
Bi4Sr2O8,3.0
Bi6Ir2O4,3.0
Bi6Pt3,3.0
Bi8Rh4,3.0
BiBr2,2.0
BiBrS,3.0
BiBrSe,3.0
BiBrTe,3.0
BiCl2,2.0
BiClS,3.0
BiClSe,3.0
BiClTe,3.0
BiCrAs,1.0
BiCrSb,1.0
BiCuP2Se6,3.0
BiF2,2.0
BiH2O2,2.0
BiHO6Se2,3.0
BiHfAs,2.0
BiHfSb,2.0
BiI2,2.0
BiIS,3.0
BiISe,3.0
BiITe,3.0
BiMoAs,1.0
BiMoSb,1.0
BiNbAs,1.5
BiNbSb,1.0
BiO,2.0
BiO2,2.0
BiS2,1.3333333333333333
BiSe2,1.3333333333333333
BiTaAs,1.0
BiTaSb,1.0
BiTe2,1.0
BiTiAs,2.0
BiTiSb,2.0
BiVAs,1.0
BiVSb,1.0
BiWAs,1.0
BiWSb,1.0
BiZrAs,2.0
BiZrSb,2.0
Br2Ge,3.0
Br2Ge2,2.0
Br2Ge2N2,2.0
Br2Ge2O2,2.0
Br2Ge2S2,3.0
Br2Ge2Se2,3.0
Br2Sb,2.0
Br2Sb2,2.5
Br6Sb2,3.0
BrSSb,3.0
BrSbSe,3.0
BrSbTe,3.0
C2,3.0
C2F2,2.0
C2H2,3.0
C6N2,1.0
C6N8,1.0
C6P2,1.0
C6Sb2,1.0
CF2Si,2.0
CH2Si,3.0
CN,1.0
CP,1.0
Ca2Br2,2.0
Ca2Br2H2,3.0
Ca2C,1.0
Ca2C2F2O6,3.0
Ca2Cl2,2.5
Ca2Cl4H8O4,3.0
Ca2Cl4O8,3.0
Ca2CoO3,2.0
Ca2CuBr2O2,3.0
Ca2CuBr2S2,2.0
Ca2CuCl2O2,3.0
Ca2CuCl2S2,2.0
Ca2CuI2O2,3.0
Ca2CuI2S2,3.0
Ca2F2,2.0
Ca2Fe2Si2,3.0
Ca2I2,2.0
Ca2Mn2Ge2,2.0
Ca2Mn2Si2,3.0
Ca2Mn2Sn2,1.0
Ca2N,2.0
Ca2Sn4F12,3.0
Ca3Cu2Br2O4,3.0
Ca4As4,2.0
Ca4O12Te4,3.0
CaBr2,3.0
CaCl2,3.0
CaF2,2.0
CaF2O2,2.0
CaH2O2,3.0
CaH2S2,3.0
CaH4O4,2.0
CaI2,3.0
CaS2,2.0
CaSe2,2.0
CaTe2,2.0
Cd2Br2,2.5
Cd2Cl2,2.5
Cd2F2,2.5
Cd2H4O8Se2,3.0
Cd2I2,2.0
Cd2Mn3O8,3.0
Cd2P2S6,3.0
Cd2P2Se6,3.0
Cd2P2Te6,3.0
Cd2S2,2.5
Cd2S4,2.0
Cd2Se2,2.5
Cd2Se4,2.0
Cd2Te2,2.3333333333333335
Cd2Te4,2.0
Cd4Br4O4,2.0
Cd4I4O4,2.0
CdBr2,3.0
CdC4Cl2H4N2,3.0
CdCl2,3.0
CdClHO,3.0
CdF2,2.0
CdF2O2,2.0
CdGaInS4,2.5
CdH2O2,3.0
CdH2S2,3.0
CdI2,3.0
CdO2,1.0
CdPb2Cl2O2,3.0
CdS2,1.5
CdSe2,1.0
CdTe2,2.0
Cl2Ge,3.0
Cl2Ge2,2.0
Cl2Ge2N2,2.0
Cl2Ge2O2,2.0
Cl2Ge2S2,3.0
Cl2Ge2Se2,3.0
Cl2Sb,2.0
Cl2Sb2,2.5
ClSSb,3.0
ClSbSe,3.0
ClSbTe,3.0
Co2Br2,1.0
Co2Br2N2,1.0
Co2Br2O2,3.0
Co2Br2S2,3.0
Co2Br2Se2,3.0
Co2Br4O6Sb4,3.0
Co2Br6,3.0
Co2Cl2,2.0
Co2Cl2N2,1.0
Co2Cl2O2,3.0
Co2Cl2S2,3.0
Co2Cl2Se2,3.0
Co2Cl6,2.5
Co2F2,2.5
Co2F2O4,2.0
Co2H2O4,3.0
Co2H2S4,3.0
Co2H4O8Se2,3.0
Co2I2,1.0
Co2I2N2,1.0
Co2I2O2,2.0
Co2I2S2,3.0
Co2I2Se2,3.0
Co2I6,2.0
Co2Li2As2,3.0
Co2Li2P2,3.0
Co2Li2Sb2,3.0
Co2Na2As2,3.0
Co2Na2P2,3.0
Co2Na2Sb2,3.0
Co2O2,2.0
Co2P2S6,3.0
Co2P2Se6,3.0
Co2P2Te6,3.0
Co2Pd2P2,2.0
Co2S2,2.4
Co2S4,2.5
Co2S6,2.0
Co2Se2,2.2
Co2Se4,3.0
Co2Se6,3.0
Co2Te2,2.2
Co2Te4,3.0
Co2Te6,1.0
Co4Br4O4,3.0
Co4S8,3.0
Co8Ta4Te8,3.0
CoBr2,3.0
CoC2N2S2,1.0
CoC4Cl2H4N2,3.0
CoC4H8N2O4,3.0
CoCl2,3.0
CoCl2O8,2.0
CoF2,3.0
CoH2,1.0
CoH2O2,2.0
CoHfBr6,3.0
CoHfF6,3.0
CoI2,2.3333333333333335
CoLi2,1.0
CoO2,2.3333333333333335
CoRe2O8,3.0
CoS2,2.0
CoSe2,2.3333333333333335
CoTe2,2.3333333333333335
CoZrBr6,3.0
Cr2BO2,2.0
Cr2BS2,2.0
Cr2BSe2,2.0
Cr2Br2,1.0
Cr2Br2N2,3.0
Cr2Br2O2,3.0
Cr2Br2S2,3.0
Cr2Br2Se2,3.0
Cr2Br4C16H16N8,2.0
Cr2Br6,3.0
Cr2C,1.0
Cr2C16Cl4H16N8,3.0
Cr2C16H16I4N8,2.0
Cr2CO2,2.0
Cr2CS2,2.0
Cr2Cl2,1.0
Cr2Cl2N2,3.0
Cr2Cl2O2,3.0
Cr2Cl2S2,3.0
Cr2Cl2Se2,3.0
Cr2Cl6,3.0
Cr2Cu2O8,3.0
Cr2Cu2P4S12,3.0
Cr2F2,2.0
Cr2F2N,3.0
Cr2F4,3.0
Cr2Ge2Te6,3.0
Cr2H2NO2,2.0
Cr2I2,1.0
Cr2I2N2,3.0
Cr2I2S2,3.0
Cr2I2Se2,3.0
Cr2I6,3.0
Cr2Mo2S8,3.0
Cr2Mo2Se8,3.0
Cr2Mo2Te8,3.0
Cr2N,1.0
Cr2Nb2Se10,3.0
Cr2O2,2.0
Cr2P2S6,3.0
Cr2P2Se6,3.0
Cr2P2Te6,3.0
Cr2S2,3.0
Cr2S4,2.5
Cr2Se2,3.0
Cr2Se4,2.5
Cr2Si2Te6,3.0
Cr2Ta4O12,2.0
Cr2Te4,1.0
Cr2Te6,3.0
Cr2W2S8,3.0
Cr2W2Se8,3.0
Cr2W2Te8,3.0
Cr3C2,1.0
Cr3C2F2,2.0
Cr3C2H2O2,2.0
Cr3C2O2,2.0
Cr3MoS8,3.0
Cr3MoSe8,3.0
Cr3MoTe8,3.0
Cr3N2,1.0
Cr3N2O2,2.0
Cr3Te4,3.0
Cr3WS8,3.0
Cr3WSe8,3.0
Cr3WTe8,3.0
Cr4C3,1.0
Cr4C3F2,2.0
Cr4C3H2O2,2.0
Cr4C3O2,2.0
Cr4F2N3,3.0
Cr4H2N3O2,3.0
Cr4N3,2.0
Cr4N3O2,3.0
CrAs2,1.0
CrAsSb,1.0
CrBr2,2.3333333333333335
CrBrCl,2.5
CrBrI,2.5
CrCl2,2.3333333333333335
CrClI,2.5
CrF2,2.0
CrGa2S4,3.0
CrGa2Se4,3.0
CrH2,1.0
CrH2O2,2.0
CrHO2,3.0
CrI2,2.6666666666666665
CrLi2,1.0
CrMo3S8,3.0
CrMo3Se8,3.0
CrMo3Te8,3.0
CrMoF6,3.0
CrNbF6,3.0
CrO2,2.6666666666666665
CrS2,2.6666666666666665
CrSSe,3.0
CrSTe,2.5
CrSb2,1.0
CrSe2,2.6666666666666665
CrSeTe,2.5
CrTe2,2.3333333333333335
CrW3S8,3.0
CrW3Se8,3.0
CrW3Te8,3.0
Cs2Br2,3.0
Cs2C2F6O6S2,3.0
Cs2C6N6Se6,1.0
Cs2Cl2,3.0
Cs2F2,3.0
Cs2F2H6O6P2,3.0
CsC2I3N2,1.0
CsF2,3.0
CsO2,1.0
Cu2As4Cl2S3,3.0
Cu2Br2,3.0
Cu2Br2C4H4N2,3.0
Cu2Br2N2,1.0
Cu2Br2O2,3.0
Cu2Br2S2,2.0
Cu2Br2S4,3.0
Cu2Br2Se2,3.0
Cu2Br2Se4,3.0
Cu2Br2Te4,3.0
Cu2Br6,3.0
Cu2C2Cl2O2,3.0
Cu2C2N4,1.0
Cu2C4H4O8,2.0
Cu2C6H8I2N2,3.0
Cu2Cl2,3.0
Cu2Cl2N2,1.0
Cu2Cl2O2,3.0
Cu2Cl2S2,3.0
Cu2Cl2Se2,3.0
Cu2Cl2Se4,3.0
Cu2Cl2Te4,3.0
Cu2Cl6,2.5
Cu2F2,2.0
Cu2F4,3.0
Cu2Ge2O6,3.0
Cu2H4O10Se2,3.0
Cu2Hg2Cl2Se2,3.0
Cu2I2,3.0
Cu2I2N2,1.0
Cu2I2O2,3.0
Cu2I2S2,1.0
Cu2I2S4,3.0
Cu2I2Se2,3.0
Cu2I2Se4,3.0
Cu2I2Te4,3.0
Cu2I4,3.0
Cu2I4O12,3.0
Cu2I6,1.0
Cu2MoO4,3.0
Cu2MoSe4,3.0
Cu2MoTe4,3.0
Cu2O12Sb4,3.0
Cu2O2,3.0
Cu2O4S,3.0
Cu2O6Si2,3.0
Cu2P2S6,3.0
Cu2P2Se6,3.0
Cu2P2Te6,1.0
Cu2PtC6N8,1.0
Cu2ReBr6,3.0
Cu2ReCl6,3.0
Cu2ReF6,3.0
Cu2ReI6,3.0
Cu2S,1.0
Cu2S2,2.6666666666666665
Cu2S4,3.0
Cu2S4Sb2,3.0
Cu2Sb2Se4,3.0
Cu2Se2,2.2
Cu2Se4,3.0
Cu2Sr2,1.0
Cu2Te2,2.2
Cu2Te4,1.0
Cu2WO4,3.0
Cu2WS4,3.0
Cu2WSe4,3.0
Cu2WTe4,3.0
Cu3O4P,3.0
Cu4Cl4H4O4,3.0
Cu4Cl4O4,3.0
Cu4F4H4O4,3.0
Cu4Li2V2O12,3.0
Cu4O12Te2,3.0
Cu4O12Te4,3.0
CuBr,3.0
CuBr2,2.6666666666666665
CuC6H4N6O2,2.0
CuCl2,2.6666666666666665
CuF2,3.0
CuH2,1.0
CuH2O2,3.0
CuI2,2.3333333333333335
CuInP2Se6,3.0
CuLi2,1.0
CuLi2O2,3.0
CuO2,1.3333333333333333
CuS2,1.0
CuSe2,1.0
CuSr2Br2O2,3.0
CuSr2Br2S2,3.0
CuSr2Cl2O2,3.0
CuSr2Cl2S2,3.0
CuSr2I2O2,3.0
CuSr2I2S2,3.0
CuTe2,1.0
CuV2O6,3.0
F2Ge,2.0
F2Ge2,3.0
F2Sb,2.0
F2Sb2,2.0
F2Si2,3.0
Fe2Br2,2.0
Fe2Br2N2,1.0
Fe2Br2O2,3.0
Fe2Br6,3.0
Fe2Cl2,2.0
Fe2Cl2O2,3.0
Fe2Cl6,3.0
Fe2F2,2.5
Fe2F2O2,3.0
Fe2Ga2S5,3.0
Fe2H2O4,2.0
Fe2I2,1.0
Fe2I2O2,3.0
Fe2I2S2,3.0
Fe2I6,3.0
Fe2In2Se5,3.0
Fe2Li2As2,3.0
Fe2Li2P2,3.0
Fe2Li2Sb2,3.0
Fe2Mg2Ge2,1.0
Fe2Mg2Si2,2.0
Fe2Mo2Cl2O8,3.0
Fe2Na2P2,3.0
Fe2O2,2.0
Fe2O4,3.0
Fe2P2S6,3.0
Fe2P2Se6,3.0
Fe2P2Te6,2.0
Fe2S2,2.25
Fe2S4,3.0
Fe2Se2,2.0
Fe2Se4,2.0
Fe2Sr2Ge2,2.0
Fe2Sr2Si2,3.0
Fe2Sr3Br2O5,3.0
Fe2Sr4Br2O6,3.0
Fe2Ta2Te6,3.0
Fe2Te2,1.8
Fe2Te4,2.0
Fe2Te6,1.0
Fe2W2Cl2O8,3.0
Fe3GeTe2,3.0
Fe3S4,2.0
Fe3Se4,3.0
Fe4S8,2.0
FeBr2,2.6666666666666665
FeCl2,2.6666666666666665
FeF2,2.0
FeGa2S4,3.0
FeH2,1.0
FeH2O2,2.0
FeHfBr6,3.0
FeHfCl6,3.0
FeHfF6,2.0
FeHfI6,3.0
FeI2,2.3333333333333335
FeLi2,1.0
FeMn2C6N6,1.0
FeO2,2.6666666666666665
FeS2,2.0
FeSe2,2.3333333333333335
FeSn2C6N6,1.0
FeTe2,2.3333333333333335
FeZn2C6N6,1.0
FeZrBr6,3.0
FeZrCl6,3.0
FeZrF6,2.0
FeZrI6,3.0
Ga2Br2,3.0
Ga2Br2N2,1.0
Ga2Br2O2,3.0
Ga2Br2S2,3.0
Ga2Br2Se2,3.0
Ga2Br6,2.5
Ga2Cl2,3.0
Ga2Cl2N2,2.0
Ga2Cl2O2,3.0
Ga2Cl2S2,3.0
Ga2Cl2Se2,3.0
Ga2Cl2Te2,3.0
Ga2Cl6,3.0
Ga2F4H10N4,3.0
Ga2Ge2Te2,3.0
Ga2H2O8Se2,3.0
Ga2I2,3.0
Ga2I2N2,1.0
Ga2I2O2,3.0
Ga2I2S2,3.0
Ga2I2Se2,3.0
Ga2I6,2.5
Ga2In2S6,3.0
Ga2Mn2S5,3.0
Ga2MnS4,3.0
Ga2NiS4,3.0
Ga2O2,2.5
Ga2P2,1.0
Ga2P2Se6,3.0
Ga2P2Te6,1.0
Ga2S2,2.6666666666666665
Ga2S4,1.0
Ga2Se2,2.5
Ga2Se4,2.0
Ga2Te2,2.5
Ga2Te3,1.0
Ga2Te4,1.0
Ga2Y2I2,3.0
GaAs,1.0
GaBr2,2.3333333333333335
GaC,1.0
GaCl2,2.0
GaF2,2.0
GaH2O2,2.0
GaI2,2.6666666666666665
GaN,2.0
GaNi5Br2,3.0
GaNi5Cl2,3.0
GaNi5I2,3.0
GaO2,2.0
GaP,1.0
GaPd5Br2,3.0
GaPd5Cl2,3.0
GaPd5I2,3.0
GaPt5Br2,3.0
GaPt5Cl2,2.0
GaPt5I2,3.0
GaS2,2.0
GaSe2,3.0
GaTe2,3.0
Ge2,1.0
Ge2H2,1.0
Ge2I2,1.0
Ge2I2N2,1.0
Ge2I2O2,2.0
Ge2I2S2,3.0
Ge2I2Se2,3.0
Ge2P2S6,3.0
Ge2P2Se6,3.0
Ge2P2Te6,1.0
Ge2S2,2.0
Ge2S4,1.0
Ge2Se2,2.0
Ge2Se4,1.0
Ge2Te2,2.0
Ge2Te4,1.0
Ge3O9Sb2,3.0
Ge6N2,1.0
Ge6P2,1.0
Ge6Sb2,1.0
GeH2O2,2.0
GeI2,3.0
GeO,2.0
GeO2,2.6666666666666665
GeS,3.0
GeS2,2.3333333333333335
GeSe,3.0
GeSe2,2.3333333333333335
GeTe,3.0
GeTe2,1.0
H2O2Sb,2.0
H2Si2,1.0
H4O10Si4,3.0
H4O12Te4,3.0
Hf2Br2,2.5
Hf2Br2N2,3.0
Hf2Br2O2,3.0
Hf2Br2S2,3.0
Hf2Br2Se2,3.0
Hf2Br4,3.0
Hf2Br6,3.0
Hf2C,1.0
Hf2CF2,3.0
Hf2CH2O2,2.0
Hf2CO2,3.0
Hf2Cl2,2.5
Hf2Cl2N2,3.0
Hf2Cl2O2,3.0
Hf2Cl2S2,3.0
Hf2Cl2Se2,3.0
Hf2Cl4,3.0
Hf2Cl6,3.0
Hf2F2,2.5
Hf2F2N,2.0
Hf2Ge2Te8,3.0
Hf2H2NO2,2.0
Hf2I2,2.5
Hf2I2N2,3.0
Hf2I2O2,2.0
Hf2I2S2,3.0
Hf2I2Se2,3.0
Hf2I4,3.0
Hf2I6,3.0
Hf2N,2.0
Hf2NO2,2.0
Hf2O2,2.0
Hf2O6,3.0
Hf2P2S6,2.0
Hf2P2Se6,3.0
Hf2P2Te6,2.0
Hf2S2,2.0
Hf2S6,3.0
Hf2Se2,2.0
Hf2Se6,3.0
Hf2Si2Te2,3.0
Hf2Te10,3.0
Hf2Te2,2.0
Hf2Te6,3.0
Hf2Ti2S8,3.0
Hf2Ti2Se8,3.0
Hf2Ti2Te8,3.0
Hf2Zr2S8,2.0
Hf2Zr2Se8,3.0
Hf2Zr2Te8,3.0
Hf3C2,2.0
Hf3C2F2,3.0
Hf3C2H2O2,2.0
Hf3C2O2,2.0
Hf3F2N2,2.0
Hf3H2N2O2,2.0
Hf3N2,2.0
Hf3N2O2,3.0
Hf3Te2,3.0
Hf3TiS8,2.0
Hf3TiSe8,3.0
Hf3TiTe8,3.0
Hf3ZrS8,2.0
Hf3ZrSe8,3.0
Hf3ZrTe8,3.0
Hf4Br4O4,2.0
Hf4Br4S4,3.0
Hf4Br4Se4,3.0
Hf4C3,2.0
Hf4C3F2,3.0
Hf4C3H2O2,2.0
Hf4C3O2,3.0
Hf4Cl4O4,2.0
Hf4Cl4S4,3.0
Hf4Cl4Se4,3.0
Hf4F2N3,3.0
Hf4H2N3O2,2.0
Hf4I4O4,2.0
Hf4I4S4,3.0
Hf4I4Se4,3.0
Hf4N3,2.0
Hf4N3O2,3.0
HfAs2,2.0
HfAsSb,2.0
HfBr2,2.6666666666666665
HfBrCl,3.0
HfBrI,2.5
HfCl2,2.6666666666666665
HfClI,2.5
HfF2,2.0
HfH2,2.0
HfH2O2,2.0
HfI2,2.3333333333333335
HfLi2,1.0
HfMnF6,2.0
HfMnI6,3.0
HfNa2H6O6,3.0
HfNiBr6,3.0
HfNiCl6,3.0
HfNiI6,3.0
HfO2,2.0
HfPd2,1.0
HfS2,2.3333333333333335
HfSSe,3.0
HfSTe,3.0
HfSb2,2.0
HfSe2,2.6666666666666665
HfSeTe,3.0
HfTe2,2.6666666666666665
HfTi3S8,3.0
HfTi3Se8,3.0
HfTi3Te8,3.0
HfZr3S8,3.0
HfZr3Se8,3.0
HfZr3Te8,3.0
Hg2Br2,2.0
Hg2Br2N2,1.0
Hg2Br2O2,2.0
Hg2Br2S2,1.0
Hg2Br2Se2,2.0
Hg2Cl2,2.0
Hg2Cl2N2,1.0
Hg2Cl2O2,2.0
Hg2Cl2S2,2.0
Hg2Cl2Se2,2.0
Hg2F2,3.0
Hg2GeO4,3.0
Hg2I2,2.0
Hg2I2N2,1.0
Hg2I2O2,2.0
Hg2I2S2,1.0
Hg2I2Se2,2.0
Hg2K4Cl8,3.0
Hg2O4,1.0
Hg2P2S6,3.0
Hg2P2Se6,3.0
Hg2P2Te6,1.0
Hg2Pt4Se6,3.0
Hg2Se2,3.0
Hg2Te2,3.0
Hg2Te4,1.0
Hg2V2O6,3.0
Hg3B2O6,3.0
Hg4I8,3.0
Hg4K2Cl6O6S2,3.0
Hg4Mo2O8,3.0
Hg4W2O8,3.0
HgBr2,3.0
HgCl2,3.0
HgF2,3.0
HgH2O2,3.0
HgH2S2,3.0
HgI2,3.0
HgO,2.0
HgO2,1.0
HgS,3.0
HgS2,1.0
HgSe,3.0
HgSe2,1.0
HgTe,3.0
HgTe2,1.0
I2Sb,1.0
I2Sb2,2.0
I6Sb2,3.0
ISSb,2.5
ISbSe,3.0
ISbTe,3.0
In2Br2,3.0
In2Br2N2,1.0
In2Br2O2,3.0
In2Br2S2,3.0
In2Br2Se2,3.0
In2Br6,3.0
In2Cl2,3.0
In2Cl2N2,1.0
In2Cl2O2,3.0
In2Cl2S2,3.0
In2Cl2Se2,3.0
In2Cl6,3.0
In2F2,3.0
In2I2,3.0
In2I2N2,1.0
In2I2O2,3.0
In2I2S2,3.0
In2I2Se2,3.0
In2I6,3.0
In2MnSe4,3.0
In2O2,2.0
In2P2S6,3.0
In2P2Se6,3.0
In2P2Te6,1.0
In2S2,2.4
In2S4,2.0
In2Se2,2.75
In2Se3,2.5
In2Se4,2.0
In2Si2Te6,3.0
In2Te2,2.75
In2Te4,1.5
In2Te5,3.0
In2Zn2S5,3.0
In2Zn3S6,3.0
In2ZnS4,3.0
In3Te4,3.0
In4Br4Te4,3.0
In4Br8,3.0
In4I4Te4,3.0
InAs,1.0
InBr2,2.6666666666666665
InC,1.0
InCl2,2.0
InF2,2.0
InH2O2,2.0
InI2,3.0
InLiI4O12,3.0
InN,1.0
InNaI4O12,3.0
InNi5Br2,2.0
InNi5Cl2,2.0
InNi5I2,3.0
InP,1.0
InPd5Br2,3.0
InPd5Cl2,3.0
InPd5I2,3.0
InPt5Br2,2.0
InPt5Cl2,2.0
InPt5I2,3.0
InS2,2.0
InSb,1.0
InSe2,2.0
InSiTe3,1.0
InTe2,3.0
Ir2Br2,1.0
Ir2Br2N2,1.0
Ir2Br2O2,2.0
Ir2Br2S2,3.0
Ir2Br2Se2,3.0
Ir2Br4,1.0
Ir2Br6,2.0
Ir2Cl2,1.0
Ir2Cl2N2,1.0
Ir2Cl2O2,2.0
Ir2Cl2S2,3.0
Ir2Cl2Se2,3.0
Ir2Cl6,2.0
Ir2F2,1.5
Ir2I2,1.0
Ir2I2N2,1.0
Ir2I2O2,2.0
Ir2I2S2,3.0
Ir2I2Se2,3.0
Ir2I6,2.0
Ir2Nb2Te8,3.0
Ir2O2,1.6666666666666667
Ir2O4,2.0
Ir2O6,2.0
Ir2P2S6,3.0
Ir2P2Se6,3.0
Ir2P2Te6,3.0
Ir2S2,2.0
Ir2S4,2.5
Ir2S6,2.0
Ir2Se2,1.2
Ir2Se4,2.0
Ir2Se6,2.0
Ir2Ta2Te8,3.0
Ir2Te2,1.2
Ir2Te4,2.0
Ir2Te6,2.0
Ir4S8,3.0
Ir4Se8,3.0
Ir4Te8,3.0
Ir5Te10,3.0
IrBr2,1.0
IrCl2,1.0
IrF2,2.0
IrH2,1.0
IrI2,1.0
IrLi2,1.0
IrO2,1.6666666666666667
IrS2,1.6666666666666667
IrSe2,1.6666666666666667
IrTe2,2.0
K,1.0
K2Br2,3.0
K2C2H2O6,3.0
K2C2O6,3.0
K2C4,1.0
K2C4H6O6,3.0
K2C6H6O6,3.0
K2Cl2,3.0
K2Cl2O6,3.0
K2F2,3.0
K2I2,3.0
K2N2O6,3.0
K2Os2Br8N2O4,3.0
K2Os2F10N2O2,3.0
K2Pt2Cl6N2,2.0
KI2,2.0
KS2,1.0
KSe2,2.0
KTe2,2.0
KTiS2,2.0
Li2B2,1.0
Li2Cl2O4,3.0
Li2F2O2,2.0
Li2F2S2,2.0
Li2H2O2,3.0
Li2H2S2,3.0
Li2H4N2,3.0
Li2H4N2O6,3.0
Li2Mn,1.0
Li2Mn2P2,3.0
Li2Mo,1.0
Li2Nb,1.0
Li2Ni,1.0
Li2Ni2As2,3.0
Li2Ni2P2,3.0
Li2Ni2Sb2,3.0
Li2Os,1.0
Li2Pb,2.0
Li2PdH2,3.0
Li2Pt,2.0
Li2PtH6O6,3.0
Li2Re,1.0
Li2Rh,3.0
Li2Ru,1.0
Li2Sc,1.0
Li2Ta,1.0
Li2Ti,1.0
Li2Ti2Cl2N2,3.0
Li2V,1.0
Li2V4O10,3.0
Li2W,1.0
Li2Zr,1.0
Li4CO4,2.0
Li4O8Sb4,3.0
Li4Zn2Si2,2.0
Li6H2O8Te2,3.0
LiC12,3.0
LiC5H5N2O5,3.0
LiNiP2S6,3.0
Mg2Cl4,3.0
Mg2Mn2Ge2,1.0
Mg2Mn2Si2,1.0
Mg2Mo2O12Te2,3.0
Mg2P2S6,3.0
Mg2P2Se6,3.0
MgB2H8,3.0
MgBr2,3.0
MgCl2,3.0
MgF2O2,2.0
MgF2S2,2.0
MgH2O2,3.0
MgH2S2,3.0
MgI2,3.0
MgNa2H4O8S2,3.0
Mn2Br2,1.0
Mn2Br2O2,3.0
Mn2Br2S4Sb2,3.0
Mn2Br2Sb2Se4,3.0
Mn2Br2Se2,3.0
Mn2Br6,3.0
Mn2C,1.0
Mn2CF2,2.0
Mn2CH2O2,3.0
Mn2Cl2,2.0
Mn2Cl2N2,3.0
Mn2Cl2O2,3.0
Mn2Cl2S4Sb2,3.0
Mn2Cl2Se2,3.0
Mn2Cl6,3.0
Mn2F2,2.0
Mn2F2N,3.0
Mn2H2NO2,3.0
Mn2H2O4,3.0
Mn2H2S4,3.0
Mn2H4O8S2,3.0
Mn2I2,1.0
Mn2I2Sb2Se4,3.0
Mn2I2Se2,3.0
Mn2I6,3.0
Mn2Mo2O12Te2,3.0
Mn2N,1.0
Mn2NO2,3.0
Mn2O2,2.0
Mn2O8Se2,2.0
Mn2P2S6,3.0
Mn2P2Se6,3.0
Mn2S2,2.0
Mn2Se2,3.0
Mn2Se4,3.0
Mn2Sn2Sr2,1.0
Mn2Sr2Ge2,2.0
Mn2Te2,3.0
Mn2Te6,3.0
Mn3C2,1.0
Mn3C2F2,2.0
Mn3C2H2O2,2.0
Mn3C2O2,2.0
Mn3F2N2,2.0
Mn3H2N2O2,2.0
Mn3N2,1.0
Mn4C3,1.0
Mn4C3F2,2.0
Mn4C3H2O2,2.0
Mn4C3O2,2.0
Mn4H2N3O2,3.0
Mn4N3,3.0
Mn4N3O2,3.0
Mn4Pb4O12,3.0
MnBr2,3.0
MnC6N4Se2,1.0
MnCl2,3.0
MnF12Sb2,3.0
MnF2,2.0
MnH2,1.0
MnH2O2,3.0
MnI2,3.0
MnNa2F3O7P2,3.0
MnO2,2.3333333333333335
MnRe2O8,3.0
MnS2,2.6666666666666665
MnSe2,2.6666666666666665
MnTe2,2.3333333333333335
MnZrBr6,3.0
MnZrCl6,2.0
MnZrF6,2.0
MnZrI6,3.0
Mo2BO2,2.0
Mo2BS2,2.0
Mo2BSe2,3.0
Mo2Br2,1.5
Mo2Br2N2,3.0
Mo2Br2O2,2.0
Mo2Br2S2,2.0
Mo2Br2Se2,2.0
Mo2Br4,2.0
Mo2Br4O4,3.0
Mo2C,1.0
Mo2CF2,2.0
Mo2CH2O2,2.0
Mo2CO2,2.0
Mo2CS2,2.0
Mo2CSe2,3.0
Mo2Cl2,1.5
Mo2Cl2N2,3.0
Mo2Cl2O2,2.0
Mo2Cl2S2,2.0
Mo2Cl2Se2,2.0
Mo2Cl4,2.0
Mo2Cl6,3.0
Mo2F2,3.0
Mo2F2N,2.0
Mo2H2NO2,2.0
Mo2I2,1.0
Mo2I2N2,3.0
Mo2I2O2,2.0
Mo2I2S2,2.0
Mo2I2Se2,2.0
Mo2I4,1.0
Mo2I6,3.0
Mo2N,1.0
Mo2NO2,2.0
Mo2NS2,2.0
Mo2NSe2,2.0
Mo2O10P2,3.0
Mo2O2,2.0
Mo2O4,3.0
Mo2O6,3.0
Mo2P2S6,2.0
Mo2P2Se6,2.0
Mo2P2Te6,1.0
Mo2S2,2.0
Mo2S4,2.0
Mo2S6,2.0
Mo2Se2,1.8
Mo2Se4,2.0
Mo2Se6,2.0
Mo2Ta2O11,3.0
Mo2Te2,1.25
Mo2Te4,2.0
Mo2Te6,3.0
Mo2V2O10,3.0
Mo2W2S8,3.0
Mo2W2Se8,3.0
Mo2W2Te8,3.0
Mo2Zn2O12Te2,3.0
Mo2Zn2O8,3.0
Mo2ZrO8,3.0
Mo3C2,1.0
Mo3C2F2,2.0
Mo3C2H2O2,2.0
Mo3C2O2,2.0
Mo3F2N2,2.0
Mo3H2N2O2,2.0
Mo3N2,1.0
Mo3N2O2,2.0
Mo3WS8,3.0
Mo3WSe8,3.0
Mo3WTe8,3.0
Mo4C3,1.0
Mo4C3F2,3.0
Mo4C3H2O2,2.0
Mo4C3O2,2.0
Mo4F2N3,2.0
Mo4H2N3O2,2.0
Mo4N3,2.0
Mo4N3O2,2.0
MoAs2,2.0
MoAsSb,1.0
MoBr2,1.3333333333333333
MoBrCl,2.0
MoBrI,1.0
MoCl2,2.0
MoClI,1.5
MoF2,2.0
MoH2,1.0
MoH2O2,2.0
MoI2,1.0
MoO2,2.3333333333333335
MoOS,3.0
MoOSe,3.0
MoOTe,2.0
MoS2,2.3333333333333335
MoSSe,2.5
MoSTe,2.5
MoSb2,1.0
MoSe2,2.3333333333333335
MoSeTe,2.5
MoTe2,2.3333333333333335
MoW3S8,3.0
MoW3Se8,3.0
MoW3Te8,3.0
N2Si6,1.0
Na,1.0
Na2B2H8O8,3.0
Na2C2H6N8O2,3.0
Na2C2N2S2,3.0
Na2C4,1.0
Na2F2O2,2.0
Na2F2S2,2.0
Na2H2O2,3.0
Na2H2S2,3.0
Na2H8I2O4,3.0
Na2Nb2Cl12,3.0
Na2Ni2As2,3.0
Na2Ni2P2,3.0
Na2Ni2Sb2,3.0
Na2PtH6O6,3.0
Na2SnH6O6,3.0
Na2Ta2Cl12,3.0
Na4As4O8,3.0
Na4O8S4,3.0
NaBr4C6O2,2.0
NaNb3O4,2.0
NaW2Br6O2,3.0
Nb2As2Ge2,2.0
Nb2BO2,2.0
Nb2BS2,3.0
Nb2BSe2,3.0
Nb2Br2,1.5
Nb2Br2N2,3.0
Nb2Br2O2,3.0
Nb2Br2S2,3.0
Nb2Br2Se2,3.0
Nb2Br4O2,3.0
Nb2Br4S4,3.0
Nb2Br4Se4,3.0
Nb2Br6,3.0
Nb2C,1.0
Nb2CF2,3.0
Nb2CH2O2,3.0
Nb2CO2,3.0
Nb2CS2,3.0
Nb2CSe2,3.0
Nb2Cl2,2.0
Nb2Cl2N2,3.0
Nb2Cl2O2,3.0
Nb2Cl2S2,3.0
Nb2Cl2Se2,3.0
Nb2Cl4,3.0
Nb2Cl4S4,3.0
Nb2Cl4Se4,3.0
Nb2Cl6,3.0
Nb2F2,2.5
Nb2F2N,2.0
Nb2Ge2Sb2,2.0
Nb2H2NO2,2.0
Nb2I2,1.0
Nb2I2N2,3.0
Nb2I2O2,2.0
Nb2I2O4,3.0
Nb2I2S2,3.0
Nb2I2Se2,3.0
Nb2I4,3.0
Nb2I4O2,3.0
Nb2I6,3.0
Nb2N,1.0
Nb2NO2,3.0
Nb2NS2,3.0
Nb2NSe2,3.0
Nb2Ni2Te10,3.0
Nb2O2,2.0
Nb2O4,2.0
Nb2O6,2.0
Nb2Os2Te8,3.0
Nb2P2S6,3.0
Nb2P2Se6,2.0
Nb2P2Te6,2.0
Nb2Pd2Te10,3.0
Nb2PdS6,3.0
Nb2PdSe6,3.0
Nb2S2,2.0
Nb2S6,3.0
Nb2Se2,2.0
Nb2Se6,3.0
Nb2Te2,1.8
Nb2Te4,1.0
Nb2Te6,3.0
Nb3Br7S,3.0
Nb3Br8,3.0
Nb3C2,2.0
Nb3C2F2,3.0
Nb3C2H2O2,2.0
Nb3C2O2,3.0
Nb3Cl7Te,3.0
Nb3Cl8,3.0
Nb3F2N2,2.0
Nb3H2N2O2,2.0
Nb3I7Te,3.0
Nb3I8,3.0
Nb3N2,2.0
Nb3N2O2,2.0
Nb3Te6,3.0
Nb4C3,2.0
Nb4C3F2,3.0
Nb4C3H2O2,3.0
Nb4C3O2,3.0
Nb4F2N3,2.0
Nb4Ge2Te8,3.0
Nb4H2N3O2,2.0
Nb4I2Te12,3.0
Nb4N3,2.0
Nb4N3O2,3.0
Nb4Ni4Te8,3.0
Nb4O8,2.0
Nb4S12,3.0
Nb4Si2Te8,3.0
Nb6Ge2Te12,3.0
Nb6Si2Te12,3.0
Nb8C4,1.0
NbAs2,2.0
NbAsSb,2.0
NbBr2,2.0
NbBrCl,2.0
NbBrI,2.0
NbCl2,2.3333333333333335
NbClI,2.0
NbF2,2.0
NbF4,3.0
NbH2,1.0
NbH2O2,2.0
NbI2,1.6666666666666667
NbO2,2.0
NbS2,2.6666666666666665
NbSSe,3.0
NbSTe,3.0
NbSb2,1.5
NbSe2,2.6666666666666665
NbSeTe,3.0
NbTe2,2.3333333333333335
Ni2As2O7,3.0
Ni2Br2,1.5
Ni2Br2N2,1.0
Ni2Br2O2,3.0
Ni2Br2S2,3.0
Ni2Br2Se2,3.0
Ni2Br6,3.0
Ni2C4N6,1.0
Ni2Cl2,2.0
Ni2Cl2N2,1.0
Ni2Cl2O2,3.0
Ni2Cl2S2,3.0
Ni2Cl2Se2,3.0
Ni2Cl6,2.5
Ni2F2,2.0
Ni2F2O4,2.0
Ni2F2S4,3.0
Ni2H2O4,3.0
Ni2H2S4,3.0
Ni2I2,1.0
Ni2I2N2,1.0
Ni2I2O2,3.0
Ni2I2S2,3.0
Ni2I2Se2,3.0
Ni2I6,2.0
Ni2O2,3.0
Ni2P2S6,3.0
Ni2P2Se5,3.0
Ni2P2Se6,3.0
Ni2P2Te6,1.0
Ni2S2,2.6
Ni2S4,3.0
Ni2S6,3.0
Ni2Sb2Si2,1.0
Ni2SbTe2,3.0
Ni2Se2,2.4
Ni2Se4,3.0
Ni2Se6,3.0
Ni2Ta2Te10,3.0
Ni2Ta4S10,3.0
Ni2Ta4Se10,3.0
Ni2Te2,2.2
Ni2Te4,3.0
Ni2Te6,3.0
Ni4Ta2Se2Te2,3.0
Ni4Ta2Te4,3.0
Ni4Ta2Te6,3.0
Ni4Ta4Te8,3.0
Ni8As4Si4,2.0
NiBr2,2.6666666666666665
NiC10Cl2N2,1.0
NiC12Cl2N2,1.0
NiC2N2S2,1.0
NiC4Cl2N2,1.0
NiC4H8N2O4,3.0
NiC6Cl2H4N2,3.0
NiCl2,2.3333333333333335
NiCl2O8,3.0
NiF2,2.0
NiH2,1.0
NiH2O2,3.0
NiI2,2.3333333333333335
NiO2,2.3333333333333335
NiPS3,1.0
NiRe2O8,3.0
NiS2,2.0
NiSe2,2.3333333333333335
NiTe2,2.3333333333333335
NiV2Se4,3.0
NiZrBr6,3.0
NiZrCl6,3.0
NiZrF6,3.0
NiZrI6,3.0
O10P4,3.0
O14S2Te4,3.0
O2Sb,2.0
O4S8Sb8,3.0
O6Sb4,3.0
O8P2Sb2,3.0
O8Te4,3.0
OS2Sb2,3.0
OSb2Se2,3.0
OSb2Te2,3.0
Os2Br2,1.0
Os2Br2N2,1.0
Os2Br2O2,2.0
Os2Br2S2,3.0
Os2Br2Se2,1.0
Os2Br6,2.0
Os2Cl2,1.0
Os2Cl2N2,1.0
Os2Cl2O2,2.0
Os2Cl2S2,2.0
Os2Cl2Se2,1.0
Os2Cl6,2.0
Os2F2,2.0
Os2I2,1.0
Os2I2O2,1.0
Os2I2S2,1.0
Os2I2Se2,1.0
Os2I6,1.0
Os2O2,1.6666666666666667
Os2O4,3.0
Os2P2S6,2.0
Os2P2Se6,1.0
Os2P2Te6,1.0
Os2S2,1.0
Os2S4,2.0
Os2Se2,1.0
Os2Se4,2.0
Os2Se6,1.0
Os2Ta2Te8,3.0
Os2Te2,1.0
Os2Te4,1.0
Os2Te6,1.0
OsBr2,1.0
OsCl2,1.0
OsCl2O,3.0
OsF2,2.0
OsH2,1.0
OsH2O2,2.0
OsI2,1.0
OsO2,2.0
OsS2,1.3333333333333333
OsSe2,1.0
OsTe2,1.0
P2,1.0
P2Sb2Se6,3.0
P2Sb2Te6,1.0
P2Si6,1.0
P4,1.0
P8Si4,3.0
Pb2Br2,2.0
Pb2Br2N2,1.0
Pb2Br2O2,3.0
Pb2Br2S2,2.0
Pb2Br2Se2,2.0
Pb2Br4,3.0
Pb2Cl2,2.0
Pb2Cl2N2,1.0
Pb2Cl2O2,3.0
Pb2Cl2S2,2.0
Pb2Cl2Se2,2.0
Pb2F2,2.0
Pb2I2,2.0
Pb2I2N2,1.0
Pb2I2O2,3.0
Pb2I2S2,2.0
Pb2I2Se2,2.0
Pb2O2,2.3333333333333335
Pb2P2S6,3.0
Pb2P2Se6,3.0
Pb2P2Te6,3.0
Pb2S2,2.3333333333333335
Pb2S4,3.0
Pb2Se2,2.25
Pb2Se4,3.0
Pb2Se6,3.0
Pb2Te2,2.0
Pb2Te4,3.0
Pb2Te6,3.0
Pb4O4,3.0
Pb6As2,1.0
Pb6N2,1.0
Pb6P2,1.0
Pb6Sb2,1.0
PbBr2,3.0
PbCl2,3.0
PbF2,2.0
PbF4,3.0
PbH2O2,3.0
PbI2,3.0
PbO,2.0
PbO2,2.3333333333333335
PbS,2.0
PbS2,2.0
PbSb2Te4,3.0
PbSe,2.0
PbSe2,2.3333333333333335
PbTe,3.0
PbTe2,1.0
PbWO4,3.0
Pd2Br2,1.0
Pd2Br2N2,1.0
Pd2Br2O2,3.0
Pd2Br2S2,3.0
Pd2Br6,2.5
Pd2Cl2,1.5
Pd2Cl2N2,1.0
Pd2Cl2O2,3.0
Pd2Cl2S2,3.0
Pd2Cl2Se2,3.0
Pd2Cl4,3.0
Pd2Cl6,2.5
Pd2F2,2.5
Pd2I2,1.0
Pd2I2N2,1.0
Pd2I2O2,3.0
Pd2I2S2,3.0
Pd2I2Se2,3.0
Pd2I4O12,3.0
Pd2I6,2.0
Pd2N4O12,3.0
Pd2O2,1.0
Pd2O6Se2,3.0
Pd2P2S6,3.0
Pd2P2Se6,3.0
Pd2P2Te6,3.0
Pd2S2,1.3333333333333333
Pd2S4,3.0
Pd2Se2,1.6666666666666667
Pd2Se4,3.0
Pd2Te2,1.6666666666666667
Pd2Te4,3.0
Pd3P2S8,3.0
Pd3Ta3Te14,3.0
Pd4I8,3.0
Pd4P4S4,3.0
Pd4P4Se4,3.0
Pd4Tl2Se6,3.0
Pd6Ta4Te10,3.0
PdBr2,2.0
PdCl2,2.3333333333333335
PdF2,2.0
PdH2O2,2.0
PdI2,1.6666666666666667
PdO,1.0
PdO2,1.6666666666666667
PdS2,1.6666666666666667
PdSe2,2.0
PdTa2S6,3.0
PdTa2Se6,3.0
PdTe2,2.3333333333333335
Pt2Br2,1.0
Pt2Br2N2,1.0
Pt2Br2O2,2.0
Pt2Br2S2,3.0
Pt2Br2Se2,3.0
Pt2Br6,2.0
Pt2Cl2,2.0
Pt2Cl2N2,1.0
Pt2Cl2O2,2.0
Pt2Cl2S2,3.0
Pt2Cl2Se2,3.0
Pt2Cl6,2.5
Pt2F2,1.0
Pt2I2,1.0
Pt2I2N2,1.0
Pt2I2O2,2.0
Pt2I2S2,3.0
Pt2I2Se2,3.0
Pt2I4,1.0
Pt2I6,2.0
Pt2O2,1.3333333333333333
Pt2P2S6,2.0
Pt2P2Se6,3.0
Pt2P2Te6,2.0
Pt2S2,1.4
Pt2S4,3.0
Pt2Se2,1.6
Pt2Se4,3.0
Pt2Se6,3.0
Pt2Ta2Te10,3.0
Pt2Ta4Se14,3.0
Pt2Te2,2.3333333333333335
Pt2Te4,3.0
Pt2Te6,3.0
Pt4I8,3.0
Pt4Tl2S6,3.0
Pt4Tl2Se6,3.0
Pt4Tl2Te6,3.0
PtBr2,1.0
PtCl2,1.3333333333333333
PtF2,2.0
PtH2,1.0
PtH2O2,2.0
PtI2,1.0
PtO2,1.6666666666666667
PtS2,1.6666666666666667
PtSe2,1.6666666666666667
PtTe2,2.0
Rb2Br2,3.0
Rb2Br2F8,3.0
Rb2C2F6O6S2,3.0
Rb2C4,1.0
Rb2Cl2,3.0
Rb2F2,3.0
Rb2I2,3.0
RbI2,2.0
RbS2,1.0
RbSe2,1.0
RbSnS2,2.0
RbTe2,2.0
RbTiS2,2.0
Re2Br2,1.0
Re2Br4,1.0
Re2Br6,2.0
Re2Cl2,1.0
Re2Cl4,1.0
Re2Cl6,2.0
Re2F2,1.5
Re2I2,1.0
Re2I4,1.0
Re2I6,1.0
Re2N2,1.0
Re2O2,1.6666666666666667
Re2O4,3.0
Re2S2,1.0
Re2S4,3.0
Re2Se2,1.0
Re2Se4,3.0
Re2Te2,1.0
Re2Te4,1.0
Re2ZnO8,3.0
Re4O8,3.0
Re4S8,3.0
Re4Se8,3.0
Re4Te8,3.0
Re6Cl2Se8,3.0
ReBr2,1.0
ReCl2,1.0
ReF2,2.0
ReH2,1.0
ReI2,1.0
ReO2,2.0
ReS2,2.0
ReSe2,1.6666666666666667
ReTe2,1.0
Rh2Br2,1.0
Rh2Br2N2,1.0
Rh2Br2O2,3.0
Rh2Br2S2,3.0
Rh2Br2Se2,3.0
Rh2Br4,2.0
Rh2Br6,2.5
Rh2Cl2,1.0
Rh2Cl2N2,1.0
Rh2Cl2O2,3.0
Rh2Cl2S2,3.0
Rh2Cl2Se2,3.0
Rh2Cl2Te2,3.0
Rh2Cl4,2.0
Rh2Cl6,2.5
Rh2F2,2.0
Rh2I2,1.0
Rh2I2N2,1.0
Rh2I2O2,3.0
Rh2I2S2,3.0
Rh2I2Se2,3.0
Rh2I6,2.0
Rh2O2,1.6666666666666667
Rh2O6,1.0
Rh2P2S6,3.0
Rh2P2Se6,3.0
Rh2P2Te6,3.0
Rh2S2,2.4
Rh2S4,2.5
Rh2Se2,2.8
Rh2Se4,2.5
Rh2Ta2Te8,3.0
Rh2Te2,2.6
Rh2Te4,2.5
Rh2Te6,2.0
Rh4S8,3.0
Rh4Se8,3.0
RhBr2,1.3333333333333333
RhCl2,2.0
RhF2,2.0
RhH2,1.0
RhH2O2,2.0
RhI2,1.6666666666666667
RhO2,2.3333333333333335
RhS2,2.0
RhSe2,2.3333333333333335
RhTe2,2.3333333333333335
Ru2Br2,1.0
Ru2Br2N2,1.0
Ru2Br2O2,2.0
Ru2Br2S2,3.0
Ru2Br2Se2,3.0
Ru2Br6,2.5
Ru2Cl2,1.0
Ru2Cl2N2,1.0
Ru2Cl2O2,2.0
Ru2Cl2S2,3.0
Ru2Cl2Se2,3.0
Ru2Cl6,2.5
Ru2F2,1.5
Ru2F8,3.0
Ru2I2,1.0
Ru2I2N2,1.0
Ru2I2O2,2.0
Ru2I2S2,3.0
Ru2I2Se2,3.0
Ru2I6,2.0
Ru2O2,1.6666666666666667
Ru2O4,3.0
Ru2P2S6,3.0
Ru2P2Se6,3.0
Ru2P2Te6,2.0
Ru2S2,2.0
Ru2S4,2.0
Ru2Se2,1.4
Ru2Se4,2.0
Ru2Se6,2.0
Ru2Ta2Te8,3.0
Ru2Te2,1.5
Ru2Te4,2.0
Ru2Te6,2.0
RuBr2,1.6666666666666667
RuCl2,1.6666666666666667
RuCl2O,3.0
RuF2,2.0
RuH2,1.0
RuH2O2,2.0
RuI2,1.0
RuO2,2.0
RuS2,2.0
RuSe2,1.6666666666666667
RuTe2,1.6666666666666667
S2Sb,1.6666666666666667
S2Sb2,1.0
S2Sb2Se,3.0
S2Sb2Te,3.0
S2Si,3.0
S2Si2,1.5
S3Sb2,3.0
S4Sb2,1.0
S8Si4,3.0
SSb2Se2,3.0
SSb2Te2,3.0
Sb2,1.0
Sb2Se2,1.3333333333333333
Sb2Se2Te,3.0
Sb2Se3,3.0
Sb2Se4,1.0
Sb2SeTe2,3.0
Sb2Si6,1.0
Sb2Te2,1.0
Sb2Te3,3.0
Sb2Te4,1.0
Sb4,1.0
SbSe2,1.6666666666666667
SbTe2,1.0
Sc2Br2,2.5
Sc2Br2N2,2.0
Sc2Br2O2,3.0
Sc2Br2S2,3.0
Sc2Br2Se2,3.0
Sc2Br4,3.0
Sc2Br6,3.0
Sc2C,2.0
Sc2CCl2,3.0
Sc2CF2,3.0
Sc2CH2O2,2.0
Sc2CO2,2.0
Sc2Cl2,3.0
Sc2Cl2H2,3.0
Sc2Cl2N,3.0
Sc2Cl2N2,2.0
Sc2Cl2O2,3.0
Sc2Cl2S2,3.0
Sc2Cl2Se2,3.0
Sc2Cl4,3.0
Sc2Cl6,3.0
Sc2F2,2.0
Sc2F2N,3.0
Sc2H2NO2,2.0
Sc2I2,2.5
Sc2I2N2,2.0
Sc2I2O2,3.0
Sc2I2S2,3.0
Sc2I2Se2,3.0
Sc2I6,3.0
Sc2N,2.0
Sc2NO2,2.0
Sc2O13Te5,3.0
Sc2O2,2.0
Sc2O4,2.0
Sc2P2S6,3.0
Sc2P2S8,3.0
Sc2P2Se6,3.0
Sc2P2Te6,3.0
Sc2S2,2.0
Sc2S4,2.0
Sc2S6,3.0
Sc2Se2,2.0
Sc2Se6,3.0
Sc2Te2,2.0
Sc2Te4,2.0
Sc2Te6,3.0
Sc3C2,2.0
Sc3C2F2,3.0
Sc3C2H2O2,2.0
Sc3C2O2,2.0
Sc3F2N2,3.0
Sc3H2N2O2,2.0
Sc3N2,2.0
Sc3N2O2,2.0
Sc4C3,3.0
Sc4C3F2,3.0
Sc4C3H2O2,2.0
Sc4C3O2,2.0
Sc4F2N3,3.0
Sc4H2N3O2,3.0
Sc4I4O4,3.0
Sc4N3,3.0
Sc4N3O2,2.0
Sc4S6,2.0
ScBr2,2.6666666666666665
ScCl2,2.6666666666666665
ScF2,2.0
ScH2,2.0
ScH2O2,2.0
ScI2,2.6666666666666665
ScO2,2.0
ScS2,2.0
ScSe2,2.6666666666666665
ScTe2,2.3333333333333335
Se2Si,3.0
Se2Si2,1.0
Si2,1.0
Si2Te2,1.0
SiTe2,1.0
Sn2,1.0
Sn2Br2,2.0
Sn2Br2N2,2.0
Sn2Br2O2,2.0
Sn2Br2S2,3.0
Sn2Br2Se2,3.0
Sn2C2H6O6P2,3.0
Sn2Cl2,2.0
Sn2Cl2N2,2.0
Sn2Cl2O2,2.0
Sn2Cl2S2,3.0
Sn2Cl2Se2,3.0
Sn2F2,2.0
Sn2F2O6P2,3.0
Sn2H2,1.0
Sn2H2O6P2,3.0
Sn2I2,2.0
Sn2I2N2,1.0
Sn2I2O2,2.0
Sn2I2S2,3.0
Sn2I2Se2,3.0
Sn2O2,2.6666666666666665
Sn2O6P2,2.0
Sn2O8S2,3.0
Sn2P2S6,3.0
Sn2P2Se6,3.0
Sn2P2Te6,1.0
Sn2PS6,3.0
Sn2S2,2.5
Sn2Se2,2.5
Sn2Se4,2.0
Sn2Te2,2.0
Sn2Te4,1.0
Sn6As2,1.0
Sn6N2,1.0
Sn6P2,1.0
Sn6Sb2,1.0
SnBr2,3.0
SnCl2,3.0
SnF2,3.0
SnF4,3.0
SnH2O2,2.0
SnI2,3.0
SnO,2.0
SnO2,2.3333333333333335
SnS,3.0
SnS2,2.6666666666666665
SnSe,3.0
SnSe2,2.6666666666666665
SnTe,3.0
SnTe2,2.3333333333333335
Sr2Br2,2.0
Sr2Br2H2,3.0
Sr2C,1.0
Sr2Cl4O8,2.0
Sr2F2,2.0
Sr2F2I2,3.0
Sr2H8O6,3.0
Sr2I2,2.0
Sr2N,3.0
Sr2O12P4,3.0
SrBr2,2.6666666666666665
SrCl2,2.6666666666666665
SrF2,2.0
SrF2O2,2.0
SrH2O2,3.0
SrH2S2,3.0
SrI2,3.0
SrSe2,2.0
SrTa2O7,2.0
SrTe2,2.0
Ta2BO2,2.0
Ta2BS2,3.0
Ta2BSe2,3.0
Ta2Br2,1.5
Ta2Br2N2,3.0
Ta2Br2O2,2.0
Ta2Br2S2,3.0
Ta2Br2Se2,3.0
Ta2Br4,2.0
Ta2Br6,2.0
Ta2C,1.0
Ta2CF2,2.0
Ta2CH2O2,2.0
Ta2CO2,3.0
Ta2CS2,3.0
Ta2CSe2,3.0
Ta2Cl2,2.0
Ta2Cl2N2,3.0
Ta2Cl2O2,3.0
Ta2Cl2S2,3.0
Ta2Cl2Se2,3.0
Ta2Cl6,3.0
Ta2F2,2.5
Ta2F2N,2.0
Ta2H2NO2,2.0
Ta2I2,1.0
Ta2I2N2,3.0
Ta2I2O2,2.0
Ta2I2S2,3.0
Ta2I2Se2,3.0
Ta2I4,2.0
Ta2I4O2,3.0
Ta2I6,2.5
Ta2N,1.0
Ta2NO2,2.0
Ta2NS2,3.0
Ta2NSe2,3.0
Ta2O2,2.0
Ta2O4,2.0
Ta2O6,2.0
Ta2P2S6,2.0
Ta2P2Se6,2.0
Ta2P2Te6,2.0
Ta2S2,2.0
Ta2S6,3.0
Ta2Se2,2.0
Ta2Se6,3.0
Ta2Te2,1.75
Ta2Te4,1.0
Ta2Te6,3.0
Ta3C2,1.0
Ta3C2F2,2.0
Ta3C2H2O2,2.0
Ta3C2O2,3.0
Ta3F2N2,2.0
Ta3H2N2O2,2.0
Ta3I7Se,3.0
Ta3I7Te,3.0
Ta3N2,2.0
Ta3N2O2,2.0
Ta4C3,2.0
Ta4C3F2,3.0
Ta4C3H2O2,3.0
Ta4C3O2,3.0
Ta4F2N3,2.0
Ta4H2N3O2,2.0
Ta4N3,2.0
Ta4N3O2,2.0
Ta4O8,2.0
Ta4Se12,3.0
Ta4Se2,3.0
Ta4Te6,3.0
Ta6Si2Te12,3.0
TaAs2,2.0
TaAsSb,1.5
TaBr2,2.0
TaBrCl,2.0
TaBrI,2.0
TaCl2,2.0
TaClI,2.0
TaF2,2.0
TaH2,1.0
TaI2,1.0
TaO2,2.0
TaS2,2.6666666666666665
TaSSe,3.0
TaSTe,3.0
TaSb2,1.0
TaSe2,2.6666666666666665
TaSeTe,3.0
TaTe2,2.3333333333333335
Te2,1.0
Ti2BO2,2.0
Ti2BS2,2.0
Ti2BSe2,2.0
Ti2Br2,2.0
Ti2Br2N2,3.0
Ti2Br2O2,3.0
Ti2Br2S2,3.0
Ti2Br2Se2,3.0
Ti2Br6,3.0
Ti2CF2,3.0
Ti2CH2O2,3.0
Ti2CO2,3.0
Ti2CS2,3.0
Ti2CSe2,3.0
Ti2Cl2,2.0
Ti2Cl2N2,3.0
Ti2Cl2O2,3.0
Ti2Cl2S2,3.0
Ti2Cl2Se2,3.0
Ti2Cl4,3.0
Ti2Cl6,3.0
Ti2F2,2.5
Ti2F2N,3.0
Ti2H2NO2,3.0
Ti2I2,2.5
Ti2I2N2,3.0
Ti2I2O2,3.0
Ti2I2S2,3.0
Ti2I2Se2,3.0
Ti2I4,3.0
Ti2I6,3.0
Ti2N,2.0
Ti2NO2,3.0
Ti2NS2,3.0
Ti2NSe2,3.0
Ti2O2,2.0
Ti2O4,3.0
Ti2O6,3.0
Ti2P2S6,3.0
Ti2P2Se6,3.0
Ti2P2Te6,2.0
Ti2PTe2,3.0
Ti2S2,2.0
Ti2S6,3.0
Ti2Se2,2.0
Ti2Se6,3.0
Ti2Te2,2.0
Ti2Te6,3.0
Ti2Zr2S8,3.0
Ti2Zr2Se8,3.0
Ti2Zr2Te8,3.0
Ti3B2F2O2,2.0
Ti3B2F2S2,2.0
Ti3B2F2Se2,2.0
Ti3B2H2O2,2.0
Ti3B2H2S2,2.0
Ti3B2H2Se2,2.0
Ti3C2,2.0
Ti3C2F2,3.0
Ti3C2H2O2,3.0
Ti3C2H2S2,2.0
Ti3C2H2Se2,2.0
Ti3C2O2,3.0
Ti3F2N2,3.0
Ti3H2N2O2,3.0
Ti3H2N2S2,2.0
Ti3H2N2Se2,2.0
Ti3N2,2.0
Ti3N2O2,3.0
Ti3ZrS8,3.0
Ti3ZrSe8,3.0
Ti3ZrTe8,3.0
Ti4Br4O4,3.0
Ti4Br4S4,3.0
Ti4Br4Se4,3.0
Ti4C3,2.0
Ti4C3F2,3.0
Ti4C3H2O2,3.0
Ti4C3O2,3.0
Ti4Cl4O4,3.0
Ti4Cl4S4,3.0
Ti4Cl4Se4,3.0
Ti4F2N3,3.0
Ti4H2N3O2,3.0
Ti4I4O4,2.0
Ti4I4S4,3.0
Ti4I4Se4,3.0
Ti4N3,3.0
Ti4N3O2,3.0
Ti4O8,2.0
TiAs2,2.0
TiAsSb,2.0
TiBr2,2.6666666666666665
TiBrCl,3.0
TiBrI,3.0
TiCl2,2.6666666666666665
TiClI,3.0
TiF2,2.0
TiH2,2.0
TiH2O2,2.0
TiI2,2.6666666666666665
TiO2,2.3333333333333335
TiS2,2.6666666666666665
TiSSe,3.0
TiSTe,3.0
TiSb2,2.0
TiSe2,2.6666666666666665
TiSeTe,3.0
TiTe2,2.6666666666666665
TiZr3S8,3.0
TiZr3Se8,3.0
TiZr3Te8,3.0
Tl2Br2,3.0
Tl2Br2N2,1.0
Tl2Br2O2,3.0
Tl2Br4,3.0
Tl2Br6,3.0
Tl2Cl2,3.0
Tl2Cl2N2,1.0
Tl2Cl2O2,3.0
Tl2Cl4,3.0
Tl2Cl6,3.0
Tl2I2,3.0
Tl2I2N2,1.0
Tl2I2O2,3.0
Tl2I2S2,2.0
Tl2I6,2.5
Tl2O2,2.5
Tl2O6Sb2,3.0
Tl2P2S6,3.0
Tl2P2Se6,3.0
Tl2P2Te6,1.0
Tl2S2,2.25
Tl2S4,1.0
Tl2Se2,3.0
Tl2Se4,3.0
Tl2Te2,2.75
Tl2Te4,1.0
TlBr2,2.6666666666666665
TlCl2,2.6666666666666665
TlF2,3.0
TlH2O2,3.0
TlI2,3.0
TlS2,1.0
TlSe2,1.0
TlTe2,1.0
V2BO2,2.0
V2BS2,2.0
V2BSe2,3.0
V2Br2,2.0
V2Br2N2,3.0
V2Br2O2,3.0
V2Br2Se2,3.0
V2Br6,3.0
V2C,1.0
V2CF2,3.0
V2CH2O2,3.0
V2CO2,3.0
V2CS2,3.0
V2CSe2,3.0
V2Cl2,2.0
V2Cl2N2,3.0
V2Cl2O2,3.0
V2Cl2Se2,3.0
V2Cl4,3.0
V2Cl6,3.0
V2F2,2.5
V2F2O7Te2,3.0
V2F8,3.0
V2H2NO2,3.0
V2H2O5,3.0
V2H4O10Se2,3.0
V2I2,1.0
V2I2N2,3.0
V2I2Se2,3.0
V2I6,3.0
V2N,2.0
V2NS2,3.0
V2NSe2,3.0
V2O10P2,3.0
V2O2,2.0
V2O4,3.0
V2O5,3.0
V2O6,2.0
V2P2S6,3.0
V2S2,2.2
V2S4,2.0
V2S6,3.0
V2Se2,2.6
V2Se4,2.0
V2Se6,3.0
V2Te2,2.2
V2Te4,1.0
V2Te6,3.0
V3B2F2S2,2.0
V3B2F2Se2,2.0
V3B2H2O2,2.0
V3B2H2S2,2.0
V3B2H2Se2,2.0
V3C2,1.0
V3C2F2,3.0
V3C2F2Se2,2.0
V3C2H2O2,3.0
V3C2H2S2,2.0
V3C2H2Se2,2.0
V3C2O2,3.0
V3F2N2,2.0
V3H2N2O2,2.0
V3H2N2S2,2.0
V3N2,2.0
V3N2O2,3.0
V3Te6,3.0
V4C3,2.0
V4C3F2,3.0
V4C3H2O2,3.0
V4C3O2,3.0
V4F12O4,3.0
V4F2N3,3.0
V4H2N3O2,3.0
V4N3,2.0
V4N3O2,3.0
V4O10,3.0
V4O8,3.0
VAs2,2.0
VAsSb,1.0
VBr2,2.3333333333333335
VBr2O,3.0
VBrCl,2.5
VBrI,2.5
VC4FH4O6,3.0
VCl2,2.3333333333333335
VCl2O,3.0
VClI,2.5
VF2,2.0
VH2,1.0
VI2,2.3333333333333335
VO2,2.6666666666666665
VS2,2.6666666666666665
VSSe,3.0
VSTe,3.0
VSb2,1.0
VSe2,2.6666666666666665
VSeTe,3.0
VTe2,2.3333333333333335
W2BO2,2.0
W2BS2,3.0
W2BSe2,3.0
W2Br2,1.0
W2Br2N2,3.0
W2Br2O2,2.0
W2Br2S2,2.0
W2Br2Se2,1.0
W2Br6,2.0
W2C,1.0
W2CF2,2.0
W2CH2O2,2.0
W2CO2,2.0
W2CS2,2.0
W2CSe2,2.0
W2Cl2,1.5
W2Cl2N2,3.0
W2Cl2O2,2.0
W2Cl2S2,2.0
W2Cl2Se2,2.0
W2Cl4,2.0
W2Cl4O4,3.0
W2Cl6,3.0
W2F2,1.5
W2F2N,2.0
W2H2NO2,2.0
W2H4O8,3.0
W2H6,1.0
W2H8,1.0
W2I2,1.0
W2I2N2,3.0
W2I2O2,2.0
W2I2S2,1.0
W2I2Se2,1.0
W2I6,1.0
W2N,1.0
W2N3,3.0
W2NO2,2.0
W2NS2,2.0
W2NSe2,3.0
W2O12Sb4,3.0
W2O2,2.0
W2O4,3.0
W2P2S6,2.0
W2P2Se6,2.0
W2P2Te6,1.0
W2S2,1.6
W2S4,2.0
W2S6,2.0
W2Se2,1.2
W2Se4,2.0
W2Te2,1.0
W2Te4,2.0
W2Te6,1.0
W3C2,1.0
W3C2F2,2.0
W3C2H2O2,2.0
W3C2O2,2.0
W3F2N2,2.0
W3H2N2O2,2.0
W3N2,1.0
W3N2O2,2.0
W4C3,1.0
W4C3F2,2.0
W4C3H2O2,2.0
W4C3O2,2.0
W4F2N3,2.0
W4H2N3O2,2.0
W4N3,1.0
W4N3O2,2.0
WAs2,1.0
WAsSb,1.0
WBr2,1.0
WBrCl,1.0
WBrI,1.0
WCl2,1.6666666666666667
WClI,1.0
WF2,2.0
WH2,1.0
WI2,1.0
WO2,2.3333333333333335
WOS,3.0
WOSe,3.0
WOTe,2.0
WS2,2.3333333333333335
WSSe,2.5
WSTe,2.5
WSb2,1.0
WSe2,2.0
WSeTe,2.5
WTe2,1.6666666666666667
Y2Br2,2.0
Y2Br4,3.0
Y2Br6,3.0
Y2C,1.0
Y2CF2,3.0
Y2CH2O2,2.0
Y2CO2,2.0
Y2Cl2,2.5
Y2Cl2O2,3.0
Y2Cl2O4,2.0
Y2Cl4,3.0
Y2Cl6,3.0
Y2F2,2.0
Y2F2N,3.0
Y2H2NO2,2.0
Y2I2,2.5
Y2I4,3.0
Y2I6,3.0
Y2N,2.0
Y2NO2,2.0
Y2Te6,3.0
Y3C2,3.0
Y3C2F2,3.0
Y3C2H2O2,2.0
Y3C2O2,2.0
Y3F2N2,3.0
Y3H2N2O2,2.0
Y3N2,2.0
Y3N2O2,2.0
Y4C3,3.0
Y4C3F2,3.0
Y4C3H2O2,2.0
Y4C3O2,2.0
Y4F2N3,3.0
Y4H2N3O2,3.0
Y4N3,3.0
Y4N3O2,2.0
YBr2,2.6666666666666665
YCl2,2.6666666666666665
YF2,2.0
YI2,2.6666666666666665
YS2,2.0
YSe2,2.0
YTe2,2.0
Zn2As4O8,3.0
Zn2Br2,2.0
Zn2Cl2,2.0
Zn2Cl4O6Sb4,3.0
Zn2F2,2.0
Zn2Ge2O6,3.0
Zn2H4O8Se2,3.0
Zn2H8N4Te2,3.0
Zn2I2,2.0
Zn2O6Si2,2.0
Zn2P2S6,3.0
Zn2P2Se6,3.0
Zn2P2Te6,3.0
Zn2S2,2.5
Zn2S4,2.0
Zn2Se2,2.6666666666666665
Zn2Se4,2.0
Zn2Te2,2.0
Zn2Te4,1.0
Zn4Br4O4,2.0
Zn4Cl4O4,2.0
ZnB2C8N8,1.0
ZnBr2,2.6666666666666665
ZnC4N6,1.0
ZnCl2,2.6666666666666665
ZnF2,3.0
ZnH2O2,3.0
ZnI2,2.6666666666666665
ZnS2,1.0
ZnSe2,2.0
ZnTe2,2.0
Zr2BO2,2.0
Zr2BS2,2.0
Zr2BSe2,2.0
Zr2Br2,2.5
Zr2Br2N2,3.0
Zr2Br2O2,3.0
Zr2Br2S2,3.0
Zr2Br2Se2,3.0
Zr2Br4,3.0
Zr2Br6,3.0
Zr2CF2,3.0
Zr2CH2O2,2.0
Zr2CO2,3.0
Zr2CS2,3.0
Zr2CSe2,3.0
Zr2Cl2,2.5
Zr2Cl2N2,3.0
Zr2Cl2O2,3.0
Zr2Cl2S2,3.0
Zr2Cl2Se2,3.0
Zr2Cl4,3.0
Zr2Cl6,3.0
Zr2F2,2.5
Zr2F2N,3.0
Zr2Ge2Te8,3.0
Zr2H2NO2,2.0
Zr2I2,2.0
Zr2I2N2,3.0
Zr2I2O2,3.0
Zr2I2S2,3.0
Zr2I2Se2,3.0
Zr2I4,3.0
Zr2I6,3.0
Zr2N,2.0
Zr2NO2,2.0
Zr2NS2,3.0
Zr2NSe2,3.0
Zr2O2,2.0
Zr2O6,3.0
Zr2P2S6,3.0
Zr2P2Se6,3.0
Zr2P2Te6,2.0
Zr2PTe2,3.0
Zr2S2,2.0
Zr2S6,3.0
Zr2Se2,2.0
Zr2Se6,3.0
Zr2Si2Te2,3.0
Zr2Te10,3.0
Zr2Te2,2.0
Zr2Te6,3.0
Zr3B2F2O2,2.0
Zr3B2F2S2,2.0
Zr3B2F2Se2,2.0
Zr3B2H2O2,2.0
Zr3B2H2S2,2.0
Zr3B2H2Se2,2.0
Zr3C2,2.0
Zr3C2F2,3.0
Zr3C2F2O2,2.0
Zr3C2F2S2,2.0
Zr3C2F2Se2,2.0
Zr3C2H2O2,2.0
Zr3C2H2S2,2.0
Zr3C2H2Se2,2.0
Zr3C2O2,2.0
Zr3F2N2,3.0
Zr3F2N2O2,2.0
Zr3H2N2O2,2.0
Zr3H2N2S2,2.0
Zr3H2N2Se2,2.0
Zr3N2,2.0
Zr3N2O2,3.0
Zr4Br4O4,2.0
Zr4Br4S4,3.0
Zr4Br4Se4,3.0
Zr4C3,3.0
Zr4C3F2,3.0
Zr4C3H2O2,3.0
Zr4C3O2,3.0
Zr4Cl4O4,2.0
Zr4Cl4S4,3.0
Zr4Cl4Se4,3.0
Zr4F2N3,3.0
Zr4H2N3O2,2.0
Zr4I4O4,2.0
Zr4I4S4,3.0
Zr4I4Se4,3.0
Zr4N3,2.0
Zr4N3O2,3.0
ZrAs2,2.0
ZrAsSb,2.0
ZrBr2,2.6666666666666665
ZrBrCl,3.0
ZrBrI,3.0
ZrCl2,2.6666666666666665
ZrClI,3.0
ZrF2,2.0
ZrH2,2.0
ZrH2O2,2.0
ZrH2O6P2,3.0
ZrI2,2.6666666666666665
ZrO2,2.0
ZrS2,2.6666666666666665
ZrSSe,3.0
ZrSTe,3.0
ZrSb2,2.0
ZrSe2,2.6666666666666665
ZrSeTe,3.0
ZrTe2,2.6666666666666665
