Formula,Phonon dynamic stability (low/high)
Ag2Au2Cl8,1.0
Ag2Br2,1.0
Ag2Br2N2,0.0
Ag2Br2O2,0.0
Ag2Br2S2,0.0
Ag2Br2S4,1.0
Ag2Br2Se2,0.0
Ag2Br2Se4,1.0
Ag2Br2Te4,1.0
Ag2Br4,0.0
Ag2Br6,0.0
Ag2Cl2,0.0
Ag2Cl2N2,0.0
Ag2Cl2O2,0.0
Ag2Cl2S2,0.0
Ag2Cl2S4,0.0
Ag2Cl2Se2,0.0
Ag2Cl2Se4,1.0
Ag2Cl2Te4,1.0
Ag2Cl6,0.0
Ag2Cr2P4S12,1.0
Ag2F2,0.0
Ag2F4,1.0
Ag2I2,1.0
Ag2I2N2,0.0
Ag2I2O2,0.0
Ag2I2S2,0.0
Ag2I2S4,1.0
Ag2I2Se2,0.0
Ag2I2Se4,0.0
Ag2I2Te4,1.0
Ag2I4,0.0
Ag2I6,0.0
Ag2MoO4,0.0
Ag2MoS4,0.0
Ag2MoSe4,0.0
Ag2MoTe4,1.0
Ag2O2,1.0
Ag2P2S6,0.0
Ag2P2Se6,0.0
Ag2P2Te6,0.0
Ag2ReBr6,1.0
Ag2ReCl6,1.0
Ag2ReF6,1.0
Ag2ReI6,1.0
Ag2S2,1.0
Ag2S4,0.0
Ag2Se2,1.0
Ag2Se4,0.0
Ag2Te2,1.0
Ag2Te4,0.0
Ag2WO4,0.0
Ag2WS4,0.0
Ag2WSe4,0.0
Ag2WTe4,1.0
AgBiP2Se6,1.0
AgBr2,0.0
AgCa2Br2O2,0.0
AgCa2Br2S2,0.0
AgCa2Cl2O2,0.0
AgCa2Cl2S2,0.0
AgCa2I2O2,0.0
AgCa2I2S2,0.0
AgCl2,0.0
AgCuTe2,0.0
AgF2,0.0
AgGaP2Se6,1.0
AgH2,0.0
AgI2,0.0
AgInP2S6,1.0
AgInP2Se6,1.0
AgLi2,1.0
AgNi2O4,1.0
AgS2,0.0
AgScP2S6,1.0
AgScP2Se6,1.0
AgSe2,1.0
AgSnF6,0.0
AgSr2Br2O2,0.0
AgSr2Br2S2,0.0
AgSr2Cl2O2,0.0
AgSr2Cl2S2,0.0
AgSr2I2O2,0.0
AgSr2I2S2,0.0
AgTe2,1.0
AgVP2Se6,1.0
Al2Br2N2,0.0
Al2Br2O2,1.0
Al2Br2S2,1.0
Al2Br2Se2,1.0
Al2Br4,0.0
Al2Br6,0.0
Al2Cl2N2,0.0
Al2Cl2O2,1.0
Al2Cl2S2,1.0
Al2Cl2Se2,1.0
Al2Cl6,0.0
Al2FeS4,1.0
Al2I2O2,0.0
Al2I2S2,1.0
Al2I2Se2,1.0
Al2I6,0.0
Al2Mg2Se5,1.0
Al2MgS4,1.0
Al2MgSe4,1.0
Al2MnS4,1.0
Al2O2,0.0
Al2O4,1.0
Al2P2S6,0.0
Al2P2Se6,0.0
Al2P2Te6,0.0
Al2S2,1.0
Al2S4,1.0
Al2Se2,1.0
Al2Se4,1.0
Al2Si2Te6,1.0
Al2Te2,1.0
Al2Te4,1.0
Al2Tl2F8,0.0
Al2ZnS4,1.0
Al8Te12,1.0
AlAs,0.0
AlBr2,0.0
AlC,0.0
AlCl2,0.0
AlI2,1.0
AlLiP2S6,1.0
AlN,1.0
AlNi5Br2,1.0
AlNi5Cl2,1.0
AlNi5I2,1.0
AlP,0.0
AlPd5Br2,0.0
AlPd5Cl2,0.0
AlPd5I2,0.0
AlPt5Br2,0.0
AlPt5Cl2,0.0
AlPt5I2,0.0
AlSb,0.0
AlTe4,0.0
As2,1.0
As2Br6,0.0
As2C6,0.0
As2Ge6,0.0
As2H2O10Te2,1.0
As2I6,1.0
As2O6Sb2,1.0
As2O8P2,0.0
As2O8Sb2,0.0
As2Si6,0.0
As4,1.0
As4Ge4Se4,1.0
As4H2O12P2,1.0
As4O12S2,1.0
As4O6,1.0
As4O8,0.0
As4S6,0.0
As4Se6,1.0
As8Ge4,1.0
As8Si4,1.0
AsB,1.0
AsBr2,0.0
AsBrS,0.0
AsBrSe,1.0
AsBrTe,1.0
AsC,0.0
AsCl2,0.0
AsClS,0.0
AsClSe,0.0
AsClTe,0.0
AsI2,0.0
AsIS,0.0
AsISe,1.0
AsITe,1.0
AsS2,0.0
AsSe2,0.0
AsTe2,1.0
Au2Br2,0.0
Au2Br2N2,0.0
Au2Br2O2,0.0
Au2Br2S2,0.0
Au2Br2Se2,0.0
Au2Br2Se4,0.0
Au2Br2Te4,1.0
Au2Br4,0.0
Au2Br6,0.0
Au2CaF12,0.0
Au2Cl2,0.0
Au2Cl2N2,0.0
Au2Cl2O2,0.0
Au2Cl2Se2,0.0
Au2Cl2Te4,1.0
Au2Cl6,0.0
Au2I2,0.0
Au2I2N2,0.0
Au2I2O2,0.0
Au2I2S2,0.0
Au2I2Se2,0.0
Au2I2Se4,0.0
Au2I2Te4,1.0
Au2I4,0.0
Au2I6,0.0
Au2MoO4,1.0
Au2MoS4,0.0
Au2MoSe4,1.0
Au2MoTe4,0.0
Au2O2,0.0
Au2O4,0.0
Au2P2S6,0.0
Au2P2Se6,0.0
Au2P2Te6,0.0
Au2ReF6,1.0
Au2S2,0.0
Au2S4,1.0
Au2Se2,0.0
Au2Se4,0.0
Au2SrO8,0.0
Au2Te2,0.0
Au2Te4,0.0
Au2WO4,1.0
Au2WS4,0.0
Au2WSe4,0.0
Au2WTe4,0.0
Au4I4Te4,1.0
AuBr2,0.0
AuCa2Br2O2,0.0
AuCa2Br2S2,0.0
AuCa2Cl2O2,0.0
AuCa2Cl2S2,0.0
AuCa2I2O2,0.0
AuCa2I2S2,0.0
AuCl2,0.0
AuF2,0.0
AuH2,0.0
AuI2,0.0
AuLi2,0.0
AuO2,0.0
AuS2,0.0
AuSe2,0.0
AuSr2Br2O2,0.0
AuSr2Br2S2,0.0
AuSr2Cl2O2,0.0
AuSr2Cl2S2,0.0
AuSr2I2O2,0.0
AuSr2I2S2,0.0
AuTe2,0.0
B2,0.0
B3C10N3,0.0
BC,0.0
BN,1.0
BP,1.0
BSb,1.0
Ba2Br2,0.0
Ba2Cl2,0.0
Ba2CuHgTlO5,0.0
Ba2H8O6,0.0
Ba2I2,0.0
Ba2Mn2Ge2,1.0
Ba2N,1.0
Ba4F4Sb4Se8,1.0
BaBr2,1.0
BaCl2,1.0
BaF12Sb2,1.0
BaF2,0.0
BaI2,1.0
BaTe2,0.0
BeH4O4P2,0.0
Bi2,0.0
Bi2Br2,0.0
Bi2Br2N2,0.0
Bi2Br2O2,0.0
Bi2Br2S2,0.0
Bi2Br2Se2,0.0
Bi2Br6,0.0
Bi2C6,0.0
Bi2Cd2Cl2O4,1.0
Bi2Cl2,0.0
Bi2Cl2N2,0.0
Bi2Cl2O2,0.0
Bi2Cl2S2,0.0
Bi2Cl2Se2,0.0
Bi2Cl6,0.0
Bi2Cr,1.0
Bi2Cu2S4,1.0
Bi2F2,0.0
Bi2F6,1.0
Bi2Ge3O9,0.0
Bi2Ge6,0.0
Bi2Hf,1.0
Bi2I2,0.0
Bi2I2N2,0.0
Bi2I2O2,0.0
Bi2I2S2,0.0
Bi2I2Se2,0.0
Bi2I6,0.0
Bi2In2,1.0
Bi2MnTe4,1.0
Bi2Mo,0.0
Bi2Nb,1.0
Bi2O2,0.0
Bi2O9Si3,0.0
Bi2OS2,0.0
Bi2OSe2,0.0
Bi2OTe2,0.0
Bi2P2S6,1.0
Bi2P2Se6,0.0
Bi2P2Te6,0.0
Bi2Pb6,0.0
Bi2Pd,1.0
Bi2S2,0.0
Bi2S2Se,1.0
Bi2S2Te,1.0
Bi2S3,1.0
Bi2S4,0.0
Bi2SSe2,1.0
Bi2STe2,1.0
Bi2Se2,0.0
Bi2Se2Te,1.0
Bi2Se3,0.0
Bi2SeTe2,1.0
Bi2Si6,0.0
Bi2Sn6,0.0
Bi2Ta,0.0
Bi2Te2,0.0
Bi2Te3,1.0
Bi2Te4,0.0
Bi2Ti,1.0
Bi2V,0.0
Bi2W,0.0
Bi2YO4,1.0
Bi2Zr,1.0
Bi4B4O12,1.0
Bi4Cu4,1.0
Bi4Sr2O8,1.0
Bi6Ir2O4,0.0
Bi6Pt3,1.0
Bi8Rh4,1.0
BiBr2,0.0
BiBrS,1.0
BiBrSe,1.0
BiBrTe,1.0
BiCl2,0.0
BiClS,1.0
BiClSe,1.0
BiClTe,1.0
BiCrAs,1.0
BiCrSb,1.0
BiCuP2Se6,1.0
BiF2,0.0
BiH2O2,0.0
BiHO6Se2,0.0
BiHfAs,0.0
BiHfSb,1.0
BiI2,0.0
BiIS,1.0
BiISe,1.0
BiITe,1.0
BiMoAs,1.0
BiMoSb,0.0
BiNbAs,1.0
BiNbSb,1.0
BiO,0.0
BiO2,0.0
BiS2,0.0
BiSe2,0.0
BiTaAs,1.0
BiTaSb,0.0
BiTe2,0.0
BiTiAs,0.0
BiTiSb,1.0
BiVAs,1.0
BiVSb,1.0
BiWAs,1.0
BiWSb,0.0
BiZrAs,0.0
BiZrSb,1.0
Br2Ge,0.0
Br2Ge2,0.0
Br2Ge2N2,1.0
Br2Ge2O2,0.0
Br2Ge2S2,0.0
Br2Ge2Se2,0.0
Br2Sb,0.0
Br2Sb2,0.0
Br6Sb2,0.0
BrSSb,1.0
BrSbSe,1.0
BrSbTe,1.0
C2,1.0
C2F2,1.0
C2H2,1.0
C6N2,0.0
C6P2,0.0
C6Sb2,0.0
CF2Si,1.0
CH2Si,1.0
CN,0.0
CP,0.0
Ca2Br2,0.0
Ca2Br2H2,1.0
Ca2C,1.0
Ca2C2F2O6,0.0
Ca2Cl2,0.0
Ca2Cl4H8O4,1.0
Ca2Cl4O8,1.0
Ca2CuBr2O2,0.0
Ca2CuBr2S2,0.0
Ca2CuCl2O2,0.0
Ca2CuCl2S2,0.0
Ca2CuI2O2,0.0
Ca2CuI2S2,0.0
Ca2F2,0.0
Ca2Fe2Si2,1.0
Ca2I2,0.0
Ca2Mn2Ge2,0.0
Ca2Mn2Si2,1.0
Ca2N,1.0
Ca2Sn4F12,1.0
Ca3Cu2Br2O4,1.0
Ca4As4,1.0
Ca4O12Te4,1.0
CaBr2,1.0
CaCl2,1.0
CaF2,0.0
CaF2O2,0.0
CaH2O2,0.0
CaH2S2,0.0
CaH4O4,0.0
CaI2,1.0
CaS2,0.0
CaSe2,0.0
CaTe2,0.0
Cd2Br2,0.0
Cd2Cl2,0.0
Cd2F2,0.0
Cd2H4O8Se2,1.0
Cd2I2,0.0
Cd2Mn3O8,1.0
Cd2P2S6,1.0
Cd2P2Se6,1.0
Cd2P2Te6,0.0
Cd2S2,0.0
Cd2S4,1.0
Cd2Se2,0.0
Cd2Se4,0.0
Cd2Te2,0.0
Cd2Te4,0.0
Cd4Br4O4,1.0
Cd4I4O4,1.0
CdBr2,1.0
CdC4Cl2H4N2,1.0
CdCl2,1.0
CdClHO,1.0
CdF2,0.0
CdF2O2,0.0
CdGaInS4,0.0
CdH2O2,0.0
CdH2S2,0.0
CdI2,1.0
CdO2,0.0
CdPb2Cl2O2,1.0
CdS2,0.0
CdSe2,1.0
CdTe2,1.0
Cl2Ge,0.0
Cl2Ge2,0.0
Cl2Ge2N2,1.0
Cl2Ge2O2,0.0
Cl2Ge2S2,0.0
Cl2Ge2Se2,0.0
Cl2Sb,0.0
Cl2Sb2,0.0
ClSSb,0.0
ClSbSe,1.0
ClSbTe,0.0
Co2Br2,0.0
Co2Br2N2,1.0
Co2Br2O2,1.0
Co2Br2S2,1.0
Co2Br2Se2,1.0
Co2Br4O6Sb4,1.0
Co2Br6,0.0
Co2Cl2,0.0
Co2Cl2N2,1.0
Co2Cl2O2,1.0
Co2Cl2S2,1.0
Co2Cl2Se2,1.0
Co2Cl6,0.0
Co2F2,0.0
Co2F2O4,1.0
Co2H2O4,1.0
Co2H2S4,1.0
Co2I2,0.0
Co2I2N2,0.0
Co2I2O2,1.0
Co2I2S2,1.0
Co2I2Se2,1.0
Co2I6,0.0
Co2Li2As2,1.0
Co2Li2P2,1.0
Co2Li2Sb2,1.0
Co2Na2As2,1.0
Co2Na2P2,1.0
Co2Na2Sb2,1.0
Co2O2,0.0
Co2P2S6,0.0
Co2P2Se6,0.0
Co2P2Te6,0.0
Co2Pd2P2,0.0
Co2S2,1.0
Co2S4,0.0
Co2S6,0.0
Co2Se2,0.0
Co2Se4,0.0
Co2Se6,0.0
Co2Te2,1.0
Co2Te4,0.0
Co2Te6,1.0
Co4Br4O4,1.0
Co4S8,1.0
Co8Ta4Te8,1.0
CoBr2,1.0
CoC2N2S2,0.0
CoC4Cl2H4N2,0.0
CoCl2,1.0
CoCl2O8,1.0
CoF2,1.0
CoH2,1.0
CoH2O2,0.0
CoI2,1.0
CoLi2,1.0
CoO2,1.0
CoS2,0.0
CoSe2,0.0
CoTe2,0.0
CoZrBr6,1.0
Cr2BO2,0.0
Cr2BS2,0.0
Cr2BSe2,0.0
Cr2Br2N2,0.0
Cr2Br2O2,1.0
Cr2Br2S2,1.0
Cr2Br2Se2,1.0
Cr2Br6,1.0
Cr2CO2,0.0
Cr2CS2,1.0
Cr2Cl2,0.0
Cr2Cl2N2,0.0
Cr2Cl2O2,1.0
Cr2Cl2S2,1.0
Cr2Cl2Se2,1.0
Cr2Cl6,1.0
Cr2Cu2O8,0.0
Cr2Cu2P4S12,1.0
Cr2F2,0.0
Cr2F2N,1.0
Cr2F4,1.0
Cr2Ge2Te6,1.0
Cr2H2NO2,1.0
Cr2I2N2,0.0
Cr2I2S2,1.0
Cr2I2Se2,1.0
Cr2I6,1.0
Cr2Mo2S8,1.0
Cr2Mo2Se8,1.0
Cr2Mo2Te8,1.0
Cr2N,1.0
Cr2Nb2Se10,1.0
Cr2O2,0.0
Cr2P2S6,0.0
Cr2P2Se6,1.0
Cr2P2Te6,0.0
Cr2S2,1.0
Cr2S4,1.0
Cr2Se2,1.0
Cr2Se4,0.0
Cr2Si2Te6,1.0
Cr2Ta4O12,0.0
Cr2Te4,0.0
Cr2Te6,1.0
Cr2W2S8,1.0
Cr2W2Se8,1.0
Cr2W2Te8,1.0
Cr3C2,1.0
Cr3C2F2,1.0
Cr3C2H2O2,1.0
Cr3C2O2,1.0
Cr3MoS8,1.0
Cr3MoSe8,1.0
Cr3MoTe8,1.0
Cr3N2O2,1.0
Cr3Te4,1.0
Cr3WS8,1.0
Cr3WSe8,1.0
Cr3WTe8,1.0
Cr4C3,1.0
Cr4C3F2,1.0
Cr4C3H2O2,1.0
Cr4C3O2,1.0
Cr4F2N3,1.0
Cr4H2N3O2,1.0
Cr4N3,1.0
Cr4N3O2,1.0
CrAs2,1.0
CrBr2,0.0
CrBrCl,0.0
CrBrI,0.0
CrCl2,0.0
CrClI,0.0
CrGa2S4,1.0
CrGa2Se4,1.0
CrH2,1.0
CrH2O2,0.0
CrHO2,1.0
CrI2,1.0
CrLi2,0.0
CrMo3S8,1.0
CrMo3Se8,1.0
CrMo3Te8,1.0
CrMoF6,0.0
CrNbF6,0.0
CrO2,1.0
CrS2,1.0
CrSSe,0.0
CrSTe,0.0
CrSb2,1.0
CrSe2,1.0
CrSeTe,0.0
CrTe2,1.0
CrW3S8,1.0
CrW3Se8,1.0
CrW3Te8,1.0
Cs2Br2,1.0
Cs2C2F6O6S2,0.0
Cs2C6N6Se6,1.0
Cs2Cl2,1.0
Cs2F2,0.0
Cs2F2H6O6P2,0.0
CsC2I3N2,0.0
CsF2,0.0
CsO2,0.0
Cu2As4Cl2S3,1.0
Cu2Br2,1.0
Cu2Br2C4H4N2,1.0
Cu2Br2N2,0.0
Cu2Br2O2,1.0
Cu2Br2S2,1.0
Cu2Br2S4,1.0
Cu2Br2Se2,0.0
Cu2Br2Se4,0.0
Cu2Br2Te4,1.0
Cu2Br6,0.0
Cu2C2Cl2O2,1.0
Cu2C4H4O8,0.0
Cu2C6H8I2N2,1.0
Cu2Cl2,0.0
Cu2Cl2N2,0.0
Cu2Cl2O2,0.0
Cu2Cl2S2,0.0
Cu2Cl2Se2,0.0
Cu2Cl2Se4,1.0
Cu2Cl2Te4,1.0
Cu2Cl6,0.0
Cu2F2,0.0
Cu2F4,1.0
Cu2Ge2O6,0.0
Cu2H4O10Se2,0.0
Cu2Hg2Cl2Se2,1.0
Cu2I2,0.0
Cu2I2N2,0.0
Cu2I2O2,0.0
Cu2I2S2,0.0
Cu2I2S4,0.0
Cu2I2Se2,0.0
Cu2I2Se4,1.0
Cu2I2Te4,1.0
Cu2I4,0.0
Cu2I4O12,1.0
Cu2I6,0.0
Cu2MoO4,0.0
Cu2MoSe4,0.0
Cu2MoTe4,0.0
Cu2O12Sb4,0.0
Cu2O2,0.0
Cu2O4S,1.0
Cu2O6Si2,0.0
Cu2P2S6,0.0
Cu2P2Se6,0.0
Cu2P2Te6,0.0
Cu2ReBr6,0.0
Cu2ReCl6,1.0
Cu2ReF6,1.0
Cu2ReI6,1.0
Cu2S,0.0
Cu2S2,1.0
Cu2S4,0.0
Cu2S4Sb2,1.0
Cu2Sb2Se4,1.0
Cu2Se2,1.0
Cu2Se4,0.0
Cu2Sr2,1.0
Cu2Te2,1.0
Cu2Te4,0.0
Cu2WO4,0.0
Cu2WS4,0.0
Cu2WSe4,0.0
Cu2WTe4,0.0
Cu3O4P,0.0
Cu4Cl4H4O4,1.0
Cu4Cl4O4,1.0
Cu4F4H4O4,0.0
Cu4Li2V2O12,0.0
Cu4O12Te2,1.0
Cu4O12Te4,0.0
CuBr,0.0
CuBr2,0.0
CuC6H4N6O2,0.0
CuCl2,0.0
CuF2,0.0
CuH2,1.0
CuH2O2,0.0
CuI2,1.0
CuInP2Se6,0.0
CuLi2,1.0
CuLi2O2,1.0
CuO2,0.0
CuS2,1.0
CuSe2,1.0
CuSr2Br2O2,1.0
CuSr2Br2S2,0.0
CuSr2Cl2O2,0.0
CuSr2Cl2S2,0.0
CuSr2I2O2,1.0
CuSr2I2S2,0.0
CuTe2,0.0
CuV2O6,0.0
F2Ge,0.0
F2Ge2,1.0
F2Sb,0.0
F2Sb2,0.0
F2Si2,1.0
Fe2Br2,0.0
Fe2Br2N2,0.0
Fe2Br2O2,1.0
Fe2Br6,0.0
Fe2Cl2,0.0
Fe2Cl2O2,1.0
Fe2Cl6,0.0
Fe2F2,0.0
Fe2F2O2,0.0
Fe2Ga2S5,0.0
Fe2I2,0.0
Fe2I2O2,0.0
Fe2I2S2,1.0
Fe2I6,1.0
Fe2In2Se5,1.0
Fe2Li2P2,1.0
Fe2Li2Sb2,1.0
Fe2Mg2Ge2,1.0
Fe2Mg2Si2,1.0
Fe2Mo2Cl2O8,0.0
Fe2Na2P2,1.0
Fe2O2,1.0
Fe2O4,1.0
Fe2P2S6,1.0
Fe2P2Se6,1.0
Fe2P2Te6,1.0
Fe2S2,0.0
Fe2S4,1.0
Fe2Se2,0.0
Fe2Se4,0.0
Fe2Sr2Ge2,1.0
Fe2Sr2Si2,1.0
Fe2Ta2Te6,1.0
Fe2Te2,1.0
Fe2Te4,0.0
Fe2Te6,0.0
Fe2W2Cl2O8,0.0
Fe3GeTe2,1.0
Fe3S4,0.0
Fe3Se4,0.0
Fe4S8,0.0
FeBr2,1.0
FeCl2,1.0
FeF2,0.0
FeGa2S4,1.0
FeH2,1.0
FeH2O2,1.0
FeHfBr6,1.0
FeHfCl6,0.0
FeHfF6,1.0
FeHfI6,1.0
FeI2,1.0
FeLi2,1.0
FeO2,1.0
FeS2,1.0
FeSe2,0.0
FeTe2,0.0
FeZn2C6N6,1.0
FeZrBr6,1.0
FeZrCl6,1.0
FeZrF6,1.0
FeZrI6,1.0
Ga2Br2,0.0
Ga2Br2N2,0.0
Ga2Br2O2,1.0
Ga2Br2S2,1.0
Ga2Br2Se2,0.0
Ga2Br6,0.0
Ga2Cl2,0.0
Ga2Cl2N2,0.0
Ga2Cl2O2,1.0
Ga2Cl2S2,1.0
Ga2Cl2Se2,0.0
Ga2Cl2Te2,1.0
Ga2Cl6,0.0
Ga2F4H10N4,0.0
Ga2Ge2Te2,1.0
Ga2H2O8Se2,1.0
Ga2I2,0.0
Ga2I2N2,0.0
Ga2I2O2,0.0
Ga2I2S2,1.0
Ga2I2Se2,0.0
Ga2I6,0.0
Ga2In2S6,1.0
Ga2Mn2S5,1.0
Ga2MnS4,1.0
Ga2NiS4,1.0
Ga2O2,0.0
Ga2P2,1.0
Ga2P2Se6,0.0
Ga2P2Te6,0.0
Ga2S2,1.0
Ga2S4,0.0
Ga2Se2,1.0
Ga2Se4,0.0
Ga2Te2,1.0
Ga2Te3,0.0
Ga2Te4,0.0
Ga2Y2I2,1.0
GaAs,0.0
GaBr2,0.0
GaC,1.0
GaCl2,0.0
GaF2,0.0
GaH2O2,0.0
GaI2,1.0
GaN,1.0
GaNi5Br2,1.0
GaNi5Cl2,1.0
GaNi5I2,1.0
GaP,1.0
GaPd5Br2,0.0
GaPd5Cl2,0.0
GaPd5I2,0.0
GaPt5Br2,0.0
GaPt5Cl2,0.0
GaPt5I2,0.0
GaS2,0.0
GaSe2,0.0
GaTe2,0.0
Ge2,1.0
Ge2H2,1.0
Ge2I2,0.0
Ge2I2N2,0.0
Ge2I2O2,0.0
Ge2I2S2,1.0
Ge2I2Se2,0.0
Ge2P2S6,1.0
Ge2P2Se6,0.0
Ge2P2Te6,1.0
Ge2S2,0.0
Ge2S4,0.0
Ge2Se2,0.0
Ge2Se4,0.0
Ge2Te2,0.0
Ge2Te4,0.0
Ge3O9Sb2,0.0
Ge6N2,0.0
Ge6P2,0.0
Ge6Sb2,0.0
GeH2O2,0.0
GeI2,0.0
GeO,1.0
GeO2,1.0
GeS,1.0
GeS2,1.0
GeSe,1.0
GeSe2,1.0
GeTe,1.0
GeTe2,0.0
H2O2Sb,0.0
H2Si2,1.0
H4O10Si4,0.0
H4O12Te4,0.0
Hf2Br2,0.0
Hf2Br2N2,1.0
Hf2Br2O2,0.0
Hf2Br2S2,1.0
Hf2Br2Se2,1.0
Hf2Br4,1.0
Hf2Br6,0.0
Hf2C,1.0
Hf2CF2,1.0
Hf2CH2O2,1.0
Hf2CO2,1.0
Hf2Cl2,0.0
Hf2Cl2N2,1.0
Hf2Cl2O2,0.0
Hf2Cl2S2,1.0
Hf2Cl2Se2,1.0
Hf2Cl4,1.0
Hf2Cl6,0.0
Hf2F2,0.0
Hf2F2N,0.0
Hf2Ge2Te8,1.0
Hf2H2NO2,1.0
Hf2I2,0.0
Hf2I2N2,1.0
Hf2I2O2,0.0
Hf2I2S2,1.0
Hf2I2Se2,1.0
Hf2I4,1.0
Hf2I6,0.0
Hf2N,1.0
Hf2NO2,1.0
Hf2O2,0.0
Hf2O6,1.0
Hf2P2S6,1.0
Hf2P2Se6,1.0
Hf2P2Te6,1.0
Hf2S2,0.0
Hf2S6,1.0
Hf2Se2,0.0
Hf2Se6,1.0
Hf2Si2Te2,1.0
Hf2Te10,1.0
Hf2Te2,0.0
Hf2Te6,1.0
Hf2Ti2S8,0.0
Hf2Ti2Se8,1.0
Hf2Ti2Te8,1.0
Hf2Zr2S8,1.0
Hf2Zr2Se8,1.0
Hf2Zr2Te8,1.0
Hf3C2,1.0
Hf3C2F2,1.0
Hf3C2H2O2,1.0
Hf3C2O2,1.0
Hf3F2N2,0.0
Hf3H2N2O2,0.0
Hf3N2,1.0
Hf3N2O2,1.0
Hf3Te2,1.0
Hf3TiS8,0.0
Hf3TiSe8,0.0
Hf3TiTe8,1.0
Hf3ZrS8,1.0
Hf3ZrSe8,1.0
Hf3ZrTe8,1.0
Hf4Br4O4,0.0
Hf4Br4S4,1.0
Hf4Br4Se4,1.0
Hf4C3,1.0
Hf4C3F2,1.0
Hf4C3H2O2,1.0
Hf4C3O2,1.0
Hf4Cl4O4,0.0
Hf4Cl4S4,1.0
Hf4Cl4Se4,1.0
Hf4F2N3,0.0
Hf4H2N3O2,1.0
Hf4I4O4,0.0
Hf4I4S4,1.0
Hf4I4Se4,1.0
Hf4N3,1.0
Hf4N3O2,1.0
HfAs2,0.0
HfAsSb,0.0
HfBr2,0.0
HfBrCl,0.0
HfBrI,0.0
HfCl2,0.0
HfClI,0.0
HfF2,0.0
HfH2,1.0
HfH2O2,0.0
HfI2,0.0
HfLi2,1.0
HfMnI6,1.0
HfNa2H6O6,1.0
HfNiBr6,1.0
HfNiCl6,1.0
HfNiI6,1.0
HfO2,1.0
HfS2,1.0
HfSSe,1.0
HfSTe,1.0
HfSb2,1.0
HfSe2,1.0
HfSeTe,1.0
HfTe2,1.0
HfTi3S8,1.0
HfTi3Se8,0.0
HfTi3Te8,1.0
HfZr3S8,1.0
HfZr3Se8,0.0
HfZr3Te8,1.0
Hg2Br2,0.0
Hg2Br2N2,0.0
Hg2Br2O2,0.0
Hg2Br2S2,0.0
Hg2Br2Se2,0.0
Hg2Cl2,0.0
Hg2Cl2N2,0.0
Hg2Cl2O2,0.0
Hg2Cl2S2,0.0
Hg2Cl2Se2,0.0
Hg2F2,0.0
Hg2GeO4,0.0
Hg2I2,0.0
Hg2I2N2,0.0
Hg2I2O2,0.0
Hg2I2S2,0.0
Hg2I2Se2,0.0
Hg2K4Cl8,0.0
Hg2O4,1.0
Hg2P2S6,0.0
Hg2P2Se6,0.0
Hg2P2Te6,0.0
Hg2Pt4Se6,1.0
Hg2Se2,0.0
Hg2Te2,0.0
Hg2Te4,0.0
Hg2V2O6,0.0
Hg3B2O6,1.0
Hg4I8,1.0
Hg4K2Cl6O6S2,0.0
Hg4Mo2O8,1.0
Hg4W2O8,1.0
HgBr2,1.0
HgCl2,1.0
HgF2,0.0
HgH2O2,0.0
HgH2S2,1.0
HgI2,1.0
HgO,0.0
HgO2,0.0
HgS,0.0
HgS2,0.0
HgSe,1.0
HgSe2,0.0
HgTe,1.0
HgTe2,0.0
I2Sb,0.0
I2Sb2,0.0
I6Sb2,1.0
ISSb,1.0
ISbSe,1.0
ISbTe,1.0
In2Br2,0.0
In2Br2N2,0.0
In2Br2O2,1.0
In2Br2S2,1.0
In2Br2Se2,1.0
In2Br6,0.0
In2Cl2,0.0
In2Cl2N2,0.0
In2Cl2O2,1.0
In2Cl2S2,1.0
In2Cl2Se2,1.0
In2Cl6,0.0
In2F2,0.0
In2I2,0.0
In2I2N2,0.0
In2I2O2,0.0
In2I2S2,1.0
In2I2Se2,1.0
In2I6,0.0
In2MnSe4,1.0
In2O2,0.0
In2P2S6,1.0
In2P2Se6,0.0
In2P2Te6,0.0
In2S2,0.0
In2S4,0.0
In2Se2,1.0
In2Se3,0.0
In2Se4,0.0
In2Si2Te6,1.0
In2Te2,0.0
In2Te4,0.0
In2Te5,1.0
In2Zn2S5,1.0
In2Zn3S6,1.0
In2ZnS4,1.0
In3Te4,0.0
In4Br4Te4,1.0
In4Br8,0.0
In4I4Te4,1.0
InAs,0.0
InBr2,0.0
InC,1.0
InCl2,0.0
InF2,0.0
InH2O2,0.0
InI2,0.0
InLiI4O12,1.0
InN,1.0
InNaI4O12,1.0
InNi5Br2,1.0
InNi5Cl2,1.0
InNi5I2,1.0
InP,1.0
InPd5Br2,1.0
InPd5Cl2,0.0
InPd5I2,1.0
InPt5Br2,1.0
InPt5Cl2,0.0
InPt5I2,1.0
InS2,0.0
InSb,1.0
InSe2,0.0
InSiTe3,0.0
InTe2,0.0
Ir2Br2,0.0
Ir2Br2N2,0.0
Ir2Br2O2,1.0
Ir2Br2S2,1.0
Ir2Br2Se2,1.0
Ir2Br4,0.0
Ir2Br6,0.0
Ir2Cl2,0.0
Ir2Cl2N2,1.0
Ir2Cl2O2,1.0
Ir2Cl2S2,1.0
Ir2Cl2Se2,1.0
Ir2Cl6,0.0
Ir2F2,0.0
Ir2I2,0.0
Ir2I2N2,0.0
Ir2I2O2,1.0
Ir2I2S2,1.0
Ir2I2Se2,1.0
Ir2I6,0.0
Ir2Nb2Te8,1.0
Ir2O2,0.0
Ir2O4,1.0
Ir2O6,0.0
Ir2P2S6,0.0
Ir2P2Se6,0.0
Ir2P2Te6,0.0
Ir2S2,0.0
Ir2S4,0.0
Ir2S6,1.0
Ir2Se2,0.0
Ir2Se4,0.0
Ir2Se6,1.0
Ir2Ta2Te8,1.0
Ir2Te2,0.0
Ir2Te4,0.0
Ir2Te6,1.0
Ir4S8,1.0
Ir4Se8,1.0
Ir4Te8,1.0
Ir5Te10,1.0
IrBr2,0.0
IrCl2,0.0
IrF2,0.0
IrH2,1.0
IrI2,0.0
IrLi2,1.0
IrO2,0.0
IrS2,0.0
IrSe2,0.0
IrTe2,0.0
K2Br2,1.0
K2C2H2O6,1.0
K2C2O6,0.0
K2C4H6O6,1.0
K2C6H6O6,0.0
K2Cl2,1.0
K2Cl2O6,1.0
K2F2,0.0
K2I2,1.0
K2N2O6,1.0
K2Os2Br8N2O4,0.0
K2Os2F10N2O2,1.0
KI2,0.0
KS2,0.0
KSe2,0.0
KTe2,0.0
KTiS2,1.0
Li2Cl2O4,1.0
Li2F2O2,0.0
Li2F2S2,1.0
Li2H2O2,1.0
Li2H2S2,1.0
Li2H4N2,1.0
Li2H4N2O6,1.0
Li2Mn,1.0
Li2Mn2P2,1.0
Li2Mo,0.0
Li2Nb,0.0
Li2Ni,1.0
Li2Ni2As2,0.0
Li2Ni2P2,0.0
Li2Ni2Sb2,1.0
Li2Os,1.0
Li2Pb,1.0
Li2PdH2,1.0
Li2Pt,1.0
Li2PtH6O6,1.0
Li2Re,0.0
Li2Rh,1.0
Li2Ru,1.0
Li2Sc,1.0
Li2Ta,0.0
Li2Ti,1.0
Li2Ti2Cl2N2,0.0
Li2V,1.0
Li2V4O10,1.0
Li2W,0.0
Li2Zr,1.0
Li4CO4,0.0
Li4O8Sb4,1.0
Li4Zn2Si2,0.0
Li6H2O8Te2,1.0
LiC12,1.0
LiC5H5N2O5,0.0
LiNiP2S6,0.0
Mg2Cl4,1.0
Mg2Mn2Ge2,1.0
Mg2Mn2Si2,1.0
Mg2Mo2O12Te2,1.0
Mg2P2S6,1.0
Mg2P2Se6,1.0
MgB2H8,1.0
MgBr2,0.0
MgCl2,1.0
MgF2O2,1.0
MgF2S2,0.0
MgH2O2,1.0
MgH2S2,1.0
MgI2,0.0
MgNa2H4O8S2,1.0
Mn2Br2,0.0
Mn2Br2O2,0.0
Mn2Br2S4Sb2,1.0
Mn2Br2Sb2Se4,1.0
Mn2Br2Se2,1.0
Mn2Br6,0.0
Mn2C,1.0
Mn2CF2,1.0
Mn2CH2O2,1.0
Mn2Cl2,0.0
Mn2Cl2N2,1.0
Mn2Cl2O2,0.0
Mn2Cl2S4Sb2,1.0
Mn2Cl2Se2,1.0
Mn2Cl6,0.0
Mn2F2,0.0
Mn2F2N,1.0
Mn2H2NO2,1.0
Mn2H2O4,0.0
Mn2H2S4,0.0
Mn2H4O8S2,1.0
Mn2I2Sb2Se4,1.0
Mn2I2Se2,1.0
Mn2I6,0.0
Mn2Mo2O12Te2,0.0
Mn2N,1.0
Mn2NO2,1.0
Mn2O2,1.0
Mn2O8Se2,1.0
Mn2P2S6,1.0
Mn2P2Se6,1.0
Mn2Se2,0.0
Mn2Se4,1.0
Mn2Sr2Ge2,0.0
Mn2Te2,0.0
Mn2Te6,0.0
Mn3C2,1.0
Mn3C2F2,1.0
Mn3C2H2O2,1.0
Mn3C2O2,1.0
Mn3H2N2O2,0.0
Mn3N2,0.0
Mn4C3,1.0
Mn4C3F2,1.0
Mn4C3H2O2,1.0
Mn4C3O2,1.0
Mn4H2N3O2,0.0
Mn4N3,1.0
Mn4N3O2,1.0
MnBr2,1.0
MnCl2,1.0
MnF12Sb2,1.0
MnH2,1.0
MnH2O2,0.0
MnI2,1.0
MnO2,1.0
MnRe2O8,1.0
MnS2,1.0
MnSe2,0.0
MnTe2,1.0
MnZrBr6,1.0
MnZrI6,1.0
Mo2BO2,0.0
Mo2BS2,0.0
Mo2BSe2,1.0
Mo2Br2,0.0
Mo2Br2N2,0.0
Mo2Br2O2,0.0
Mo2Br2S2,0.0
Mo2Br2Se2,0.0
Mo2Br4,0.0
Mo2Br4O4,1.0
Mo2C,0.0
Mo2CF2,0.0
Mo2CH2O2,0.0
Mo2CO2,0.0
Mo2CS2,0.0
Mo2CSe2,1.0
Mo2Cl2,0.0
Mo2Cl2N2,0.0
Mo2Cl2O2,0.0
Mo2Cl2S2,0.0
Mo2Cl2Se2,0.0
Mo2Cl4,1.0
Mo2Cl6,1.0
Mo2F2,1.0
Mo2F2N,0.0
Mo2H2NO2,0.0
Mo2I2,0.0
Mo2I2N2,0.0
Mo2I2O2,0.0
Mo2I2S2,1.0
Mo2I2Se2,0.0
Mo2I4,1.0
Mo2I6,1.0
Mo2N,1.0
Mo2NO2,0.0
Mo2NS2,0.0
Mo2NSe2,0.0
Mo2O10P2,1.0
Mo2O2,0.0
Mo2O4,1.0
Mo2O6,1.0
Mo2P2S6,0.0
Mo2P2Se6,0.0
Mo2P2Te6,0.0
Mo2S2,0.0
Mo2S4,1.0
Mo2S6,0.0
Mo2Se2,0.0
Mo2Se4,0.0
Mo2Se6,0.0
Mo2Ta2O11,1.0
Mo2Te2,0.0
Mo2Te4,1.0
Mo2Te6,0.0
Mo2V2O10,1.0
Mo2W2S8,1.0
Mo2W2Se8,1.0
Mo2W2Te8,1.0
Mo2Zn2O12Te2,1.0
Mo2Zn2O8,1.0
Mo2ZrO8,1.0
Mo3C2,1.0
Mo3C2F2,0.0
Mo3C2H2O2,0.0
Mo3C2O2,0.0
Mo3F2N2,0.0
Mo3H2N2O2,0.0
Mo3N2,0.0
Mo3N2O2,0.0
Mo3WS8,1.0
Mo3WSe8,1.0
Mo3WTe8,1.0
Mo4C3,0.0
Mo4C3F2,0.0
Mo4C3H2O2,0.0
Mo4C3O2,0.0
Mo4F2N3,1.0
Mo4H2N3O2,1.0
Mo4N3,1.0
Mo4N3O2,0.0
MoAs2,0.0
MoAsSb,1.0
MoBr2,0.0
MoBrCl,0.0
MoBrI,0.0
MoCl2,0.0
MoClI,0.0
MoF2,0.0
MoH2,1.0
MoH2O2,1.0
MoI2,0.0
MoO2,0.0
MoOS,1.0
MoOSe,1.0
MoOTe,1.0
MoS2,1.0
MoSSe,0.0
MoSTe,0.0
MoSb2,0.0
MoSe2,1.0
MoSeTe,0.0
MoTe2,0.0
MoW3S8,1.0
MoW3Se8,1.0
MoW3Te8,1.0
N2Si6,0.0
Na2B2H8O8,1.0
Na2C2H6N8O2,0.0
Na2C2N2S2,1.0
Na2F2O2,1.0
Na2F2S2,0.0
Na2H2O2,1.0
Na2H2S2,1.0
Na2H8I2O4,1.0
Na2Nb2Cl12,1.0
Na2Ni2As2,1.0
Na2Ni2P2,1.0
Na2Ni2Sb2,0.0
Na2PtH6O6,1.0
Na2SnH6O6,1.0
Na2Ta2Cl12,0.0
Na4As4O8,1.0
Na4O8S4,0.0
NaBr4C6O2,0.0
NaNb3O4,0.0
NaW2Br6O2,1.0
Nb2As2Ge2,1.0
Nb2BO2,1.0
Nb2BS2,1.0
Nb2BSe2,1.0
Nb2Br2,0.0
Nb2Br2N2,0.0
Nb2Br2O2,0.0
Nb2Br2S2,0.0
Nb2Br2Se2,0.0
Nb2Br4O2,1.0
Nb2Br4S4,1.0
Nb2Br4Se4,1.0
Nb2Br6,0.0
Nb2C,1.0
Nb2CF2,0.0
Nb2CH2O2,0.0
Nb2CO2,1.0
Nb2CS2,1.0
Nb2CSe2,1.0
Nb2Cl2,0.0
Nb2Cl2N2,0.0
Nb2Cl2O2,0.0
Nb2Cl2S2,0.0
Nb2Cl2Se2,0.0
Nb2Cl4,0.0
Nb2Cl4S4,1.0
Nb2Cl4Se4,1.0
Nb2Cl6,0.0
Nb2F2,0.0
Nb2F2N,0.0
Nb2Ge2Sb2,1.0
Nb2H2NO2,0.0
Nb2I2,0.0
Nb2I2N2,1.0
Nb2I2O2,0.0
Nb2I2O4,1.0
Nb2I2S2,0.0
Nb2I2Se2,0.0
Nb2I4,1.0
Nb2I4O2,1.0
Nb2I6,1.0
Nb2N,1.0
Nb2NO2,0.0
Nb2NS2,1.0
Nb2NSe2,1.0
Nb2Ni2Te10,1.0
Nb2O2,0.0
Nb2O4,0.0
Nb2O6,0.0
Nb2Os2Te8,0.0
Nb2P2S6,1.0
Nb2P2Se6,0.0
Nb2P2Te6,0.0
Nb2Pd2Te10,1.0
Nb2PdS6,1.0
Nb2PdSe6,1.0
Nb2S2,0.0
Nb2S6,0.0
Nb2Se2,0.0
Nb2Se6,1.0
Nb2Te2,0.0
Nb2Te4,0.0
Nb2Te6,0.0
Nb3Br7S,1.0
Nb3Br8,1.0
Nb3C2,1.0
Nb3C2F2,0.0
Nb3C2H2O2,0.0
Nb3C2O2,1.0
Nb3Cl7Te,1.0
Nb3Cl8,1.0
Nb3F2N2,0.0
Nb3H2N2O2,0.0
Nb3I7Te,1.0
Nb3I8,1.0
Nb3N2,1.0
Nb3N2O2,0.0
Nb3Te6,1.0
Nb4C3,1.0
Nb4C3F2,0.0
Nb4C3H2O2,0.0
Nb4C3O2,1.0
Nb4F2N3,0.0
Nb4Ge2Te8,1.0
Nb4H2N3O2,0.0
Nb4I2Te12,1.0
Nb4N3,0.0
Nb4N3O2,0.0
Nb4Ni4Te8,0.0
Nb4O8,1.0
Nb4S12,1.0
Nb4Si2Te8,1.0
Nb6Ge2Te12,1.0
Nb6Si2Te12,1.0
NbAs2,0.0
NbAsSb,0.0
NbBr2,0.0
NbBrCl,0.0
NbBrI,0.0
NbCl2,0.0
NbClI,0.0
NbF2,0.0
NbF4,0.0
NbH2,1.0
NbH2O2,0.0
NbI2,0.0
NbO2,0.0
NbS2,1.0
NbSSe,0.0
NbSTe,1.0
NbSb2,1.0
NbSe2,1.0
NbSeTe,1.0
NbTe2,1.0
Ni2As2O7,0.0
Ni2Br2,0.0
Ni2Br2N2,0.0
Ni2Br2O2,1.0
Ni2Br2S2,1.0
Ni2Br2Se2,1.0
Ni2Br6,0.0
Ni2Cl2,0.0
Ni2Cl2N2,0.0
Ni2Cl2O2,0.0
Ni2Cl2S2,1.0
Ni2Cl2Se2,1.0
Ni2Cl6,0.0
Ni2F2,0.0
Ni2F2O4,1.0
Ni2F2S4,1.0
Ni2H2O4,1.0
Ni2H2S4,0.0
Ni2I2,1.0
Ni2I2N2,0.0
Ni2I2O2,1.0
Ni2I2S2,1.0
Ni2I2Se2,1.0
Ni2I6,0.0
Ni2O2,1.0
Ni2P2S6,1.0
Ni2P2Se5,1.0
Ni2P2Se6,1.0
Ni2P2Te6,0.0
Ni2S2,1.0
Ni2S4,1.0
Ni2S6,1.0
Ni2Sb2Si2,0.0
Ni2SbTe2,1.0
Ni2Se2,1.0
Ni2Se4,1.0
Ni2Se6,0.0
Ni2Ta2Te10,1.0
Ni2Ta4S10,1.0
Ni2Ta4Se10,1.0
Ni2Te2,1.0
Ni2Te4,1.0
Ni2Te6,1.0
Ni4Ta2Se2Te2,1.0
Ni4Ta2Te4,1.0
Ni4Ta2Te6,1.0
Ni4Ta4Te8,0.0
Ni8As4Si4,1.0
NiBr2,1.0
NiC4H8N2O4,1.0
NiC6Cl2H4N2,1.0
NiCl2,1.0
NiCl2O8,1.0
NiF2,0.0
NiH2,1.0
NiH2O2,1.0
NiI2,1.0
NiO2,0.0
NiPS3,1.0
NiRe2O8,1.0
NiS2,1.0
NiSe2,1.0
NiTe2,1.0
NiV2Se4,0.0
NiZrBr6,1.0
NiZrCl6,1.0
NiZrF6,1.0
NiZrI6,1.0
O10P4,0.0
O14S2Te4,1.0
O2Sb,0.0
O4S8Sb8,1.0
O6Sb4,0.0
O8P2Sb2,1.0
O8Te4,1.0
OS2Sb2,0.0
OSb2Se2,0.0
OSb2Te2,0.0
Os2Br2,0.0
Os2Br2N2,0.0
Os2Br2O2,0.0
Os2Br2S2,1.0
Os2Br2Se2,1.0
Os2Br6,0.0
Os2Cl2,0.0
Os2Cl2N2,0.0
Os2Cl2O2,0.0
Os2Cl2S2,1.0
Os2Cl2Se2,0.0
Os2Cl6,0.0
Os2F2,0.0
Os2I2,0.0
Os2I2O2,0.0
Os2I2S2,1.0
Os2I2Se2,0.0
Os2I6,0.0
Os2O2,0.0
Os2O4,1.0
Os2P2S6,1.0
Os2P2Se6,0.0
Os2P2Te6,1.0
Os2S2,0.0
Os2S4,0.0
Os2Se2,0.0
Os2Se4,0.0
Os2Se6,0.0
Os2Ta2Te8,0.0
Os2Te2,0.0
Os2Te4,0.0
Os2Te6,1.0
OsBr2,1.0
OsCl2,1.0
OsCl2O,1.0
OsF2,0.0
OsH2,1.0
OsH2O2,1.0
OsI2,0.0
OsO2,0.0
OsS2,0.0
OsSe2,0.0
OsTe2,0.0
P2,1.0
P2Sb2Se6,0.0
P2Sb2Te6,0.0
P2Si6,0.0
P4,1.0
P8Si4,1.0
Pb2Br2,0.0
Pb2Br2N2,0.0
Pb2Br2O2,0.0
Pb2Br2S2,0.0
Pb2Br2Se2,0.0
Pb2Br4,0.0
Pb2Cl2,0.0
Pb2Cl2N2,0.0
Pb2Cl2O2,0.0
Pb2Cl2S2,0.0
Pb2Cl2Se2,0.0
Pb2F2,0.0
Pb2I2,0.0
Pb2I2N2,0.0
Pb2I2O2,0.0
Pb2I2S2,0.0
Pb2I2Se2,0.0
Pb2O2,0.0
Pb2P2S6,0.0
Pb2P2Se6,0.0
Pb2P2Te6,0.0
Pb2S2,0.0
Pb2S4,0.0
Pb2Se2,0.0
Pb2Se4,0.0
Pb2Se6,0.0
Pb2Te2,0.0
Pb2Te4,0.0
Pb2Te6,1.0
Pb4O4,1.0
Pb6As2,0.0
Pb6N2,0.0
Pb6P2,0.0
Pb6Sb2,0.0
PbBr2,1.0
PbCl2,1.0
PbF2,0.0
PbF4,0.0
PbH2O2,0.0
PbI2,1.0
PbO,1.0
PbO2,1.0
PbS,1.0
PbS2,1.0
PbSb2Te4,1.0
PbSe,1.0
PbSe2,1.0
PbTe,1.0
PbTe2,0.0
PbWO4,0.0
Pd2Br2,0.0
Pd2Br2N2,0.0
Pd2Br2O2,0.0
Pd2Br2S2,1.0
Pd2Br6,0.0
Pd2Cl2,0.0
Pd2Cl2N2,0.0
Pd2Cl2O2,0.0
Pd2Cl2S2,1.0
Pd2Cl2Se2,1.0
Pd2Cl4,0.0
Pd2Cl6,0.0
Pd2F2,0.0
Pd2I2,0.0
Pd2I2N2,0.0
Pd2I2O2,0.0
Pd2I2S2,1.0
Pd2I2Se2,1.0
Pd2I4O12,1.0
Pd2I6,0.0
Pd2N4O12,1.0
Pd2O2,0.0
Pd2O6Se2,1.0
Pd2P2S6,1.0
Pd2P2Se6,1.0
Pd2P2Te6,0.0
Pd2S2,0.0
Pd2S4,1.0
Pd2Se2,0.0
Pd2Se4,1.0
Pd2Te2,0.0
Pd2Te4,1.0
Pd3P2S8,1.0
Pd3Ta3Te14,1.0
Pd4I8,1.0
Pd4P4S4,1.0
Pd4P4Se4,1.0
Pd4Tl2Se6,1.0
Pd6Ta4Te10,1.0
PdBr2,0.0
PdCl2,0.0
PdF2,0.0
PdH2O2,0.0
PdI2,0.0
PdO,0.0
PdO2,0.0
PdS2,0.0
PdSe2,1.0
PdTa2S6,1.0
PdTa2Se6,1.0
PdTe2,1.0
Pt2Br2,0.0
Pt2Br2N2,0.0
Pt2Br2O2,0.0
Pt2Br2S2,0.0
Pt2Br2Se2,0.0
Pt2Br6,0.0
Pt2Cl2,0.0
Pt2Cl2N2,0.0
Pt2Cl2O2,0.0
Pt2Cl2S2,0.0
Pt2Cl2Se2,0.0
Pt2Cl6,0.0
Pt2F2,0.0
Pt2I2,0.0
Pt2I2N2,0.0
Pt2I2O2,0.0
Pt2I2S2,0.0
Pt2I2Se2,1.0
Pt2I4,0.0
Pt2I6,0.0
Pt2O2,1.0
Pt2P2S6,1.0
Pt2P2Se6,0.0
Pt2P2Te6,0.0
Pt2S2,0.0
Pt2S4,1.0
Pt2Se2,0.0
Pt2Se4,1.0
Pt2Se6,1.0
Pt2Ta2Te10,1.0
Pt2Ta4Se14,0.0
Pt2Te2,0.0
Pt2Te4,1.0
Pt2Te6,1.0
Pt4I8,1.0
Pt4Tl2S6,1.0
Pt4Tl2Se6,1.0
Pt4Tl2Te6,1.0
PtBr2,0.0
PtCl2,0.0
PtF2,0.0
PtH2,0.0
PtH2O2,0.0
PtI2,0.0
PtO2,0.0
PtS2,0.0
PtSe2,1.0
PtTe2,1.0
Rb2Br2,1.0
Rb2Br2F8,0.0
Rb2C2F6O6S2,0.0
Rb2Cl2,1.0
Rb2F2,0.0
Rb2I2,1.0
RbI2,0.0
RbS2,0.0
RbSe2,0.0
RbSnS2,0.0
RbTe2,0.0
RbTiS2,1.0
Re2Br2,0.0
Re2Br4,0.0
Re2Br6,0.0
Re2Cl2,0.0
Re2Cl4,0.0
Re2Cl6,0.0
Re2F2,0.0
Re2I2,0.0
Re2I4,1.0
Re2I6,0.0
Re2O2,0.0
Re2O4,0.0
Re2S2,0.0
Re2S4,0.0
Re2Se2,0.0
Re2Se4,0.0
Re2Te2,0.0
Re2Te4,0.0
Re2ZnO8,1.0
Re4O8,1.0
Re4S8,1.0
Re4Se8,1.0
Re4Te8,1.0
Re6Cl2Se8,1.0
ReBr2,0.0
ReCl2,0.0
ReF2,0.0
ReH2,1.0
ReI2,0.0
ReO2,0.0
ReS2,0.0
ReSe2,0.0
ReTe2,0.0
Rh2Br2,0.0
Rh2Br2N2,0.0
Rh2Br2O2,1.0
Rh2Br2S2,1.0
Rh2Br2Se2,1.0
Rh2Br4,1.0
Rh2Br6,0.0
Rh2Cl2,0.0
Rh2Cl2N2,0.0
Rh2Cl2O2,1.0
Rh2Cl2S2,1.0
Rh2Cl2Se2,1.0
Rh2Cl2Te2,1.0
Rh2Cl4,1.0
Rh2Cl6,0.0
Rh2F2,0.0
Rh2I2,0.0
Rh2I2N2,0.0
Rh2I2O2,1.0
Rh2I2S2,1.0
Rh2I2Se2,1.0
Rh2I6,0.0
Rh2O2,0.0
Rh2O6,0.0
Rh2P2S6,0.0
Rh2P2Se6,0.0
Rh2P2Te6,0.0
Rh2S2,0.0
Rh2S4,0.0
Rh2Se2,0.0
Rh2Se4,0.0
Rh2Ta2Te8,1.0
Rh2Te2,1.0
Rh2Te4,0.0
Rh2Te6,1.0
Rh4S8,1.0
Rh4Se8,1.0
RhBr2,0.0
RhCl2,0.0
RhF2,0.0
RhH2,1.0
RhH2O2,0.0
RhI2,0.0
RhO2,0.0
RhS2,0.0
RhSe2,0.0
RhTe2,0.0
Ru2Br2,0.0
Ru2Br2N2,0.0
Ru2Br2O2,1.0
Ru2Br2S2,1.0
Ru2Br2Se2,1.0
Ru2Br6,0.0
Ru2Cl2,0.0
Ru2Cl2N2,0.0
Ru2Cl2O2,1.0
Ru2Cl2S2,1.0
Ru2Cl2Se2,0.0
Ru2Cl6,0.0
Ru2F2,0.0
Ru2F8,1.0
Ru2I2,0.0
Ru2I2N2,0.0
Ru2I2O2,1.0
Ru2I2S2,1.0
Ru2I2Se2,1.0
Ru2I6,0.0
Ru2O2,0.0
Ru2O4,1.0
Ru2P2S6,0.0
Ru2P2Se6,0.0
Ru2P2Te6,1.0
Ru2S2,1.0
Ru2S4,0.0
Ru2Se2,0.0
Ru2Se4,0.0
Ru2Ta2Te8,0.0
Ru2Te2,0.0
Ru2Te4,0.0
Ru2Te6,0.0
RuBr2,1.0
RuCl2,1.0
RuCl2O,1.0
RuF2,0.0
RuH2,1.0
RuH2O2,1.0
RuI2,0.0
RuO2,0.0
RuS2,0.0
RuSe2,0.0
RuTe2,0.0
S2Sb,1.0
S2Sb2,0.0
S2Sb2Se,0.0
S2Sb2Te,0.0
S2Si,1.0
S2Si2,0.0
S3Sb2,0.0
S4Sb2,0.0
S8Si4,1.0
SSb2Se2,0.0
SSb2Te2,0.0
Sb2,1.0
Sb2Se2,0.0
Sb2Se2Te,1.0
Sb2Se3,1.0
Sb2Se4,0.0
Sb2SeTe2,1.0
Sb2Si6,0.0
Sb2Te2,0.0
Sb2Te3,1.0
Sb2Te4,0.0
Sb4,0.0
SbSe2,1.0
SbTe2,1.0
Sc2Br2,1.0
Sc2Br2N2,0.0
Sc2Br2O2,1.0
Sc2Br2S2,1.0
Sc2Br2Se2,1.0
Sc2Br4,0.0
Sc2Br6,0.0
Sc2C,1.0
Sc2CCl2,1.0
Sc2CF2,1.0
Sc2CH2O2,1.0
Sc2CO2,1.0
Sc2Cl2,1.0
Sc2Cl2H2,1.0
Sc2Cl2N,1.0
Sc2Cl2N2,0.0
Sc2Cl2O2,1.0
Sc2Cl2S2,1.0
Sc2Cl2Se2,1.0
Sc2Cl4,0.0
Sc2Cl6,0.0
Sc2F2,0.0
Sc2F2N,1.0
Sc2H2NO2,1.0
Sc2I2,1.0
Sc2I2N2,1.0
Sc2I2O2,0.0
Sc2I2S2,1.0
Sc2I2Se2,1.0
Sc2I6,0.0
Sc2N,1.0
Sc2NO2,1.0
Sc2O13Te5,1.0
Sc2O2,0.0
Sc2P2S6,1.0
Sc2P2S8,1.0
Sc2P2Se6,1.0
Sc2P2Te6,0.0
Sc2S2,0.0
Sc2S4,1.0
Sc2S6,1.0
Sc2Se2,0.0
Sc2Se6,0.0
Sc2Te2,0.0
Sc2Te4,0.0
Sc2Te6,0.0
Sc3C2,1.0
Sc3C2F2,1.0
Sc3C2H2O2,1.0
Sc3C2O2,0.0
Sc3F2N2,1.0
Sc3H2N2O2,1.0
Sc3N2,1.0
Sc3N2O2,1.0
Sc4C3,1.0
Sc4C3F2,1.0
Sc4C3H2O2,1.0
Sc4C3O2,1.0
Sc4F2N3,1.0
Sc4H2N3O2,1.0
Sc4I4O4,1.0
Sc4N3,1.0
Sc4N3O2,1.0
Sc4S6,1.0
ScBr2,0.0
ScCl2,0.0
ScF2,0.0
ScH2,1.0
ScH2O2,1.0
ScI2,0.0
ScO2,1.0
ScS2,1.0
ScSe2,1.0
ScTe2,1.0
Se2Si,1.0
Se2Si2,0.0
Si2,1.0
Si2Te2,0.0
SiTe2,1.0
Sn2,0.0
Sn2Br2,0.0
Sn2Br2N2,1.0
Sn2Br2O2,0.0
Sn2Br2S2,0.0
Sn2Br2Se2,0.0
Sn2C2H6O6P2,1.0
Sn2Cl2,0.0
Sn2Cl2N2,1.0
Sn2Cl2O2,0.0
Sn2Cl2S2,0.0
Sn2Cl2Se2,0.0
Sn2F2,1.0
Sn2F2O6P2,1.0
Sn2H2,1.0
Sn2H2O6P2,1.0
Sn2I2,0.0
Sn2I2N2,1.0
Sn2I2O2,0.0
Sn2I2S2,0.0
Sn2I2Se2,1.0
Sn2O2,1.0
Sn2O6P2,0.0
Sn2O8S2,0.0
Sn2P2S6,0.0
Sn2P2Se6,0.0
Sn2P2Te6,0.0
Sn2PS6,0.0
Sn2S2,0.0
Sn2Se2,0.0
Sn2Se4,0.0
Sn2Te2,0.0
Sn2Te4,0.0
Sn6As2,0.0
Sn6N2,0.0
Sn6P2,0.0
Sn6Sb2,0.0
SnBr2,0.0
SnCl2,0.0
SnF2,0.0
SnF4,0.0
SnH2O2,0.0
SnI2,1.0
SnO,1.0
SnO2,1.0
SnS,1.0
SnS2,1.0
SnSe,1.0
SnSe2,1.0
SnTe,1.0
SnTe2,1.0
Sr2Br2,0.0
Sr2Br2H2,1.0
Sr2C,1.0
Sr2Cl4O8,1.0
Sr2F2,0.0
Sr2F2I2,1.0
Sr2H8O6,1.0
Sr2I2,0.0
Sr2N,1.0
Sr2O12P4,1.0
SrBr2,1.0
SrCl2,1.0
SrF2,0.0
SrF2O2,0.0
SrH2O2,0.0
SrH2S2,0.0
SrI2,1.0
SrSe2,0.0
SrTa2O7,1.0
SrTe2,0.0
Ta2BO2,1.0
Ta2BS2,1.0
Ta2BSe2,1.0
Ta2Br2,0.0
Ta2Br2O2,0.0
Ta2Br2S2,0.0
Ta2Br2Se2,0.0
Ta2Br4,1.0
Ta2Br6,0.0
Ta2C,1.0
Ta2CF2,0.0
Ta2CH2O2,0.0
Ta2CO2,1.0
Ta2CS2,1.0
Ta2CSe2,1.0
Ta2Cl2,0.0
Ta2Cl2O2,0.0
Ta2Cl2S2,0.0
Ta2Cl2Se2,0.0
Ta2Cl6,0.0
Ta2F2,0.0
Ta2F2N,0.0
Ta2H2NO2,0.0
Ta2I2,0.0
Ta2I2N2,1.0
Ta2I2O2,0.0
Ta2I2S2,0.0
Ta2I2Se2,0.0
Ta2I4,1.0
Ta2I4O2,1.0
Ta2I6,0.0
Ta2N,1.0
Ta2NO2,0.0
Ta2NS2,1.0
Ta2NSe2,1.0
Ta2O2,0.0
Ta2O4,0.0
Ta2O6,0.0
Ta2P2S6,1.0
Ta2P2Se6,0.0
Ta2P2Te6,0.0
Ta2S2,0.0
Ta2S6,1.0
Ta2Se2,0.0
Ta2Se6,1.0
Ta2Te2,0.0
Ta2Te4,0.0
Ta2Te6,1.0
Ta3C2,1.0
Ta3C2F2,0.0
Ta3C2H2O2,0.0
Ta3C2O2,1.0
Ta3F2N2,0.0
Ta3H2N2O2,0.0
Ta3I7Se,1.0
Ta3I7Te,1.0
Ta3N2,1.0
Ta3N2O2,0.0
Ta4C3,1.0
Ta4C3F2,0.0
Ta4C3H2O2,0.0
Ta4C3O2,1.0
Ta4F2N3,0.0
Ta4H2N3O2,0.0
Ta4N3,0.0
Ta4N3O2,0.0
Ta4O8,1.0
Ta4Se12,1.0
Ta4Se2,1.0
Ta4Te6,1.0
Ta6Si2Te12,1.0
TaAs2,0.0
TaAsSb,1.0
TaBr2,0.0
TaBrCl,0.0
TaBrI,0.0
TaCl2,0.0
TaClI,0.0
TaF2,0.0
TaH2,1.0
TaI2,0.0
TaO2,0.0
TaS2,1.0
TaSSe,0.0
TaSTe,0.0
TaSb2,1.0
TaSe2,1.0
TaSeTe,0.0
TaTe2,0.0
Te2,0.0
Ti2BO2,0.0
Ti2BS2,1.0
Ti2BSe2,1.0
Ti2Br2,0.0
Ti2Br2N2,1.0
Ti2Br2O2,0.0
Ti2Br2S2,1.0
Ti2Br2Se2,1.0
Ti2Br6,1.0
Ti2CF2,1.0
Ti2CH2O2,1.0
Ti2CO2,1.0
Ti2CS2,1.0
Ti2CSe2,1.0
Ti2Cl2,0.0
Ti2Cl2N2,1.0
Ti2Cl2O2,0.0
Ti2Cl2S2,1.0
Ti2Cl2Se2,1.0
Ti2Cl4,1.0
Ti2Cl6,1.0
Ti2F2,0.0
Ti2F2N,1.0
Ti2H2NO2,1.0
Ti2I2,1.0
Ti2I2N2,1.0
Ti2I2O2,1.0
Ti2I2Se2,1.0
Ti2I4,1.0
Ti2I6,1.0
Ti2N,1.0
Ti2NO2,0.0
Ti2NS2,1.0
Ti2NSe2,1.0
Ti2O2,1.0
Ti2O4,1.0
Ti2O6,1.0
Ti2P2S6,1.0
Ti2P2Se6,0.0
Ti2P2Te6,1.0
Ti2PTe2,1.0
Ti2S2,0.0
Ti2S6,1.0
Ti2Se2,0.0
Ti2Se6,0.0
Ti2Te2,1.0
Ti2Te6,1.0
Ti2Zr2S8,0.0
Ti2Zr2Se8,0.0
Ti2Zr2Te8,1.0
Ti3B2F2O2,0.0
Ti3B2F2S2,1.0
Ti3B2F2Se2,0.0
Ti3B2H2O2,1.0
Ti3B2H2S2,1.0
Ti3B2H2Se2,1.0
Ti3C2,1.0
Ti3C2F2,1.0
Ti3C2H2O2,1.0
Ti3C2H2S2,1.0
Ti3C2H2Se2,1.0
Ti3C2O2,1.0
Ti3F2N2,0.0
Ti3H2N2O2,0.0
Ti3H2N2S2,0.0
Ti3H2N2Se2,1.0
Ti3N2,1.0
Ti3N2O2,1.0
Ti3ZrS8,0.0
Ti3ZrSe8,0.0
Ti3ZrTe8,1.0
Ti4Br4O4,0.0
Ti4Br4S4,1.0
Ti4Br4Se4,1.0
Ti4C3,1.0
Ti4C3F2,1.0
Ti4C3H2O2,1.0
Ti4C3O2,1.0
Ti4Cl4O4,0.0
Ti4Cl4S4,1.0
Ti4Cl4Se4,1.0
Ti4F2N3,0.0
Ti4H2N3O2,1.0
Ti4I4O4,1.0
Ti4I4S4,1.0
Ti4I4Se4,1.0
Ti4N3,1.0
Ti4N3O2,1.0
Ti4O8,0.0
TiAs2,0.0
TiAsSb,0.0
TiBr2,0.0
TiBrCl,1.0
TiBrI,0.0
TiCl2,0.0
TiClI,0.0
TiF2,0.0
TiH2,1.0
TiH2O2,0.0
TiI2,0.0
TiO2,0.0
TiS2,0.0
TiSSe,0.0
TiSTe,1.0
TiSb2,1.0
TiSe2,1.0
TiSeTe,1.0
TiTe2,1.0
TiZr3S8,1.0
TiZr3Se8,0.0
TiZr3Te8,1.0
Tl2Br2,0.0
Tl2Br2N2,0.0
Tl2Br2O2,1.0
Tl2Br4,0.0
Tl2Br6,0.0
Tl2Cl2,0.0
Tl2Cl2N2,0.0
Tl2Cl2O2,1.0
Tl2Cl4,0.0
Tl2Cl6,0.0
Tl2I2,0.0
Tl2I2N2,0.0
Tl2I2O2,0.0
Tl2I2S2,0.0
Tl2I6,0.0
Tl2O2,0.0
Tl2O6Sb2,1.0
Tl2P2S6,0.0
Tl2P2Se6,0.0
Tl2P2Te6,0.0
Tl2S2,1.0
Tl2S4,0.0
Tl2Se2,1.0
Tl2Se4,0.0
Tl2Te2,1.0
Tl2Te4,0.0
TlBr2,0.0
TlCl2,0.0
TlF2,0.0
TlH2O2,0.0
TlI2,0.0
TlS2,0.0
TlSe2,0.0
TlTe2,0.0
V2BO2,0.0
V2BS2,1.0
V2BSe2,1.0
V2Br2,0.0
V2Br2O2,1.0
V2Br2Se2,0.0
V2Br6,0.0
V2C,1.0
V2CF2,1.0
V2CH2O2,1.0
V2CO2,1.0
V2CS2,1.0
V2CSe2,1.0
V2Cl2,0.0
V2Cl2N2,0.0
V2Cl2O2,1.0
V2Cl2Se2,0.0
V2Cl4,1.0
V2Cl6,0.0
V2F2,0.0
V2F2O7Te2,0.0
V2F8,1.0
V2H2NO2,0.0
V2H2O5,1.0
V2H4O10Se2,1.0
V2I2,0.0
V2I2N2,1.0
V2I2Se2,0.0
V2I6,0.0
V2N,1.0
V2NS2,1.0
V2NSe2,1.0
V2O10P2,1.0
V2O2,0.0
V2O4,1.0
V2O5,0.0
V2O6,0.0
V2P2S6,0.0
V2S2,0.0
V2S4,0.0
V2S6,0.0
V2Se2,0.0
V2Se4,0.0
V2Se6,0.0
V2Te2,0.0
V2Te4,1.0
V2Te6,1.0
V3B2F2S2,0.0
V3B2F2Se2,0.0
V3B2H2O2,0.0
V3B2H2S2,1.0
V3B2H2Se2,0.0
V3C2,1.0
V3C2F2,0.0
V3C2F2Se2,0.0
V3C2H2O2,0.0
V3C2H2S2,0.0
V3C2H2Se2,1.0
V3C2O2,1.0
V3F2N2,0.0
V3H2N2S2,0.0
V3N2,1.0
V3N2O2,1.0
V3Te6,0.0
V4C3,1.0
V4C3F2,0.0
V4C3H2O2,0.0
V4C3O2,1.0
V4F12O4,1.0
V4F2N3,0.0
V4H2N3O2,0.0
V4N3,1.0
V4N3O2,0.0
V4O10,1.0
V4O8,1.0
VAs2,1.0
VAsSb,1.0
VBr2,0.0
VBr2O,0.0
VBrCl,1.0
VBrI,1.0
VCl2,0.0
VCl2O,0.0
VClI,1.0
VF2,0.0
VH2,1.0
VI2,0.0
VO2,1.0
VS2,1.0
VSSe,1.0
VSTe,1.0
VSb2,1.0
VSe2,1.0
VSeTe,1.0
VTe2,1.0
W2BO2,0.0
W2BS2,0.0
W2BSe2,0.0
W2Br2,0.0
W2Br2N2,0.0
W2Br2O2,0.0
W2Br2Se2,0.0
W2Br6,1.0
W2C,1.0
W2CF2,0.0
W2CH2O2,0.0
W2CO2,0.0
W2CS2,0.0
W2CSe2,1.0
W2Cl2,0.0
W2Cl2N2,0.0
W2Cl2O2,0.0
W2Cl2S2,0.0
W2Cl2Se2,0.0
W2Cl4,1.0
W2Cl4O4,1.0
W2Cl6,1.0
W2F2,0.0
W2F2N,1.0
W2H2NO2,0.0
W2H4O8,0.0
W2H6,1.0
W2H8,0.0
W2I2,0.0
W2I2N2,0.0
W2I2O2,0.0
W2I2S2,1.0
W2I2Se2,0.0
W2I6,1.0
W2N,0.0
W2N3,1.0
W2NO2,0.0
W2NS2,0.0
W2NSe2,0.0
W2O12Sb4,1.0
W2O2,0.0
W2O4,1.0
W2P2S6,0.0
W2P2Se6,1.0
W2P2Te6,0.0
W2S2,0.0
W2S4,1.0
W2S6,0.0
W2Se2,0.0
W2Se4,0.0
W2Te2,0.0
W2Te4,0.0
W2Te6,0.0
W3C2,1.0
W3C2F2,0.0
W3C2H2O2,0.0
W3C2O2,0.0
W3F2N2,0.0
W3H2N2O2,1.0
W3N2,0.0
W3N2O2,0.0
W4C3,0.0
W4C3F2,0.0
W4C3H2O2,0.0
W4C3O2,0.0
W4F2N3,0.0
W4H2N3O2,0.0
W4N3O2,0.0
WAs2,1.0
WAsSb,1.0
WBr2,0.0
WBrCl,0.0
WBrI,0.0
WCl2,0.0
WClI,0.0
WF2,0.0
WH2,1.0
WI2,0.0
WO2,0.0
WOS,1.0
WOSe,1.0
WOTe,1.0
WS2,1.0
WSSe,0.0
WSTe,0.0
WSb2,1.0
WSe2,0.0
WSeTe,0.0
WTe2,0.0
Y2Br2,0.0
Y2Br4,0.0
Y2Br6,0.0
Y2C,1.0
Y2CF2,1.0
Y2CH2O2,1.0
Y2CO2,1.0
Y2Cl2,0.0
Y2Cl2O2,1.0
Y2Cl2O4,1.0
Y2Cl4,0.0
Y2Cl6,0.0
Y2F2,0.0
Y2F2N,1.0
Y2H2NO2,1.0
Y2I2,0.0
Y2I4,0.0
Y2I6,0.0
Y2N,1.0
Y2Te6,1.0
Y3C2,1.0
Y3C2F2,1.0
Y3C2H2O2,1.0
Y3C2O2,1.0
Y3F2N2,1.0
Y3H2N2O2,1.0
Y3N2,1.0
Y3N2O2,1.0
Y4C3,1.0
Y4C3F2,1.0
Y4C3H2O2,1.0
Y4C3O2,1.0
Y4F2N3,1.0
Y4H2N3O2,1.0
Y4N3,1.0
Y4N3O2,1.0
YBr2,0.0
YCl2,0.0
YF2,0.0
YI2,0.0
YSe2,0.0
YTe2,0.0
Zn2As4O8,1.0
Zn2Br2,0.0
Zn2Cl2,0.0
Zn2Cl4O6Sb4,0.0
Zn2F2,0.0
Zn2Ge2O6,1.0
Zn2H4O8Se2,1.0
Zn2H8N4Te2,1.0
Zn2I2,0.0
Zn2O6Si2,1.0
Zn2P2S6,1.0
Zn2P2Se6,1.0
Zn2P2Te6,0.0
Zn2S2,0.0
Zn2S4,1.0
Zn2Se2,1.0
Zn2Se4,0.0
Zn2Te2,0.0
Zn2Te4,0.0
Zn4Br4O4,1.0
Zn4Cl4O4,1.0
ZnBr2,1.0
ZnC4N6,0.0
ZnCl2,1.0
ZnF2,1.0
ZnH2O2,1.0
ZnI2,1.0
ZnS2,1.0
ZnSe2,1.0
ZnTe2,1.0
Zr2BO2,1.0
Zr2BS2,1.0
Zr2BSe2,1.0
Zr2Br2,0.0
Zr2Br2N2,1.0
Zr2Br2O2,0.0
Zr2Br2S2,1.0
Zr2Br2Se2,1.0
Zr2Br4,1.0
Zr2Br6,0.0
Zr2CF2,1.0
Zr2CH2O2,1.0
Zr2CO2,1.0
Zr2CS2,1.0
Zr2CSe2,1.0
Zr2Cl2,0.0
Zr2Cl2N2,1.0
Zr2Cl2O2,0.0
Zr2Cl2S2,1.0
Zr2Cl2Se2,1.0
Zr2Cl4,1.0
Zr2Cl6,0.0
Zr2F2,0.0
Zr2F2N,1.0
Zr2Ge2Te8,1.0
Zr2H2NO2,1.0
Zr2I2,0.0
Zr2I2N2,0.0
Zr2I2O2,1.0
Zr2I2S2,1.0
Zr2I2Se2,1.0
Zr2I4,1.0
Zr2I6,0.0
Zr2N,1.0
Zr2NO2,1.0
Zr2NS2,1.0
Zr2NSe2,1.0
Zr2O2,0.0
Zr2O6,1.0
Zr2P2S6,1.0
Zr2P2Se6,1.0
Zr2P2Te6,0.0
Zr2PTe2,1.0
Zr2S2,0.0
Zr2S6,1.0
Zr2Se2,1.0
Zr2Se6,1.0
Zr2Si2Te2,1.0
Zr2Te10,1.0
Zr2Te2,1.0
Zr2Te6,0.0
Zr3B2F2O2,1.0
Zr3B2F2S2,0.0
Zr3B2F2Se2,1.0
Zr3B2H2O2,1.0
Zr3B2H2S2,1.0
Zr3B2H2Se2,1.0
Zr3C2,1.0
Zr3C2F2,1.0
Zr3C2F2O2,0.0
Zr3C2F2S2,1.0
Zr3C2F2Se2,1.0
Zr3C2H2O2,1.0
Zr3C2H2S2,1.0
Zr3C2H2Se2,0.0
Zr3C2O2,1.0
Zr3F2N2,0.0
Zr3F2N2O2,0.0
Zr3H2N2O2,0.0
Zr3H2N2S2,1.0
Zr3H2N2Se2,0.0
Zr3N2,1.0
Zr3N2O2,1.0
Zr4Br4O4,0.0
Zr4Br4S4,1.0
Zr4Br4Se4,1.0
Zr4C3,1.0
Zr4C3F2,1.0
Zr4C3H2O2,1.0
Zr4C3O2,1.0
Zr4Cl4O4,0.0
Zr4Cl4S4,1.0
Zr4Cl4Se4,1.0
Zr4F2N3,0.0
Zr4H2N3O2,1.0
Zr4I4O4,0.0
Zr4I4S4,1.0
Zr4I4Se4,1.0
Zr4N3,1.0
Zr4N3O2,1.0
ZrAs2,0.0
ZrAsSb,0.0
ZrBr2,0.0
ZrBrCl,0.0
ZrBrI,0.0
ZrCl2,0.0
ZrClI,0.0
ZrF2,0.0
ZrH2,1.0
ZrH2O6P2,1.0
ZrI2,0.0
ZrO2,1.0
ZrS2,1.0
ZrSSe,0.0
ZrSTe,1.0
ZrSb2,1.0
ZrSe2,1.0
ZrSeTe,1.0
ZrTe2,1.0
